-- phpMyAdmin SQL Dump
-- version 4.9.9
-- https://www.phpmyadmin.net/
--
-- Hôte : db5005949521.hosting-data.io
-- Généré le : jeu. 27 jan. 2022 à 09:19
-- Version du serveur : 10.5.12-MariaDB-1:10.5.12+maria~buster-log
-- Version de PHP : 7.0.33-0+deb9u12

SET SQL_MODE = "NO_AUTO_VALUE_ON_ZERO";
SET AUTOCOMMIT = 0;
START TRANSACTION;
SET time_zone = "+00:00";


/*!40101 SET @OLD_CHARACTER_SET_CLIENT=@@CHARACTER_SET_CLIENT */;
/*!40101 SET @OLD_CHARACTER_SET_RESULTS=@@CHARACTER_SET_RESULTS */;
/*!40101 SET @OLD_COLLATION_CONNECTION=@@COLLATION_CONNECTION */;
/*!40101 SET NAMES utf8mb4 */;

--
-- Base de données : `dbs4985497`
--

-- --------------------------------------------------------

--
-- Structure de la table `category`
--

CREATE TABLE `category` (
  `id` bigint(20) NOT NULL,
  `label` text NOT NULL,
  `rank` bigint(20) NOT NULL DEFAULT 1
) ENGINE=InnoDB DEFAULT CHARSET=utf8;

--
-- Déchargement des données de la table `category`
--

INSERT INTO `category` (`id`, `label`, `rank`) VALUES
(1, 'cantonnement', 1),
(2, 'RPSE', 1),
(3, 'DREDD', 2),
(4, 'DPSE', 3);

-- --------------------------------------------------------

--
-- Structure de la table `district`
--

CREATE TABLE `district` (
  `id` bigint(20) NOT NULL,
  `label` text NOT NULL,
  `comment` bigint(20) DEFAULT NULL,
  `region_id` bigint(20) NOT NULL
) ENGINE=InnoDB DEFAULT CHARSET=utf8;

--
-- Déchargement des données de la table `district`
--

INSERT INTO `district` (`id`, `label`, `comment`, `region_id`) VALUES
(10, 'AMBOHIDRATRIMO ', NULL, 1),
(11, 'ANDRAMASINA ', NULL, 1),
(12, 'ANJOZOROBE ', NULL, 1),
(13, 'ANKAZOBE ', NULL, 1),
(14, 'ANTANANARIVO ATSIMONDRANO ', NULL, 1),
(15, 'ANTANANARIVO AVARADRANO ', NULL, 1),
(16, 'ANTANANARIVO RENIVOHITRA', NULL, 1),
(17, 'MANJAKANDRIANA ', NULL, 1),
(18, 'FENOARIVOBE ', NULL, 2),
(19, 'TSIROANOMANDIDY ', NULL, 2),
(20, 'ARIVONIMAMO ', NULL, 3),
(21, 'MIARINARIVO ', NULL, 3),
(22, 'SOAVINANDRIANA ', NULL, 3),
(23, 'AMBATOLAMPY ', NULL, 4),
(24, 'ANTANIFOTSY ', NULL, 4),
(25, 'ANTSIRABE I ', NULL, 4),
(26, 'ANTSIRABE II ', NULL, 4),
(27, 'BETAFO ', NULL, 4),
(28, 'FARATSIHO ', NULL, 4),
(29, 'MANDOTO ', NULL, 4),
(30, 'AMBANJA ', NULL, 5),
(31, 'AMBILOBE ', NULL, 5),
(32, 'ANTSIRANANA I ', NULL, 5),
(33, 'ANTSIRANANA II ', NULL, 5),
(34, 'NOSY-BE ', NULL, 5),
(35, 'ANDAPA ', NULL, 6),
(36, 'ANTALAHA ', NULL, 6),
(37, 'SAMBAVA ', NULL, 6),
(38, 'VOHEMAR ', NULL, 6),
(39, 'AMBATOFINANDRAHANA ', NULL, 7),
(40, 'AMBOSITRA ', NULL, 7),
(41, 'FANDRIANA ', NULL, 7),
(42, 'MANANDRIANA ', NULL, 7),
(43, 'BEFOTAKA ATSIMO ', NULL, 8),
(44, 'FARAFANGANA ', NULL, 8),
(45, 'MIDONGY SUD ', NULL, 8),
(46, 'VANGAINDRANO ', NULL, 8),
(47, 'VONDROZO ', NULL, 8),
(48, 'AMBALAVAO ', NULL, 9),
(49, 'AMBOHIMAHASOA ', NULL, 9),
(50, 'FIANARANTSOA ', NULL, 9),
(51, 'IKALAMAVONY ', NULL, 9),
(52, 'ISANDRA ', NULL, 9),
(53, 'LALANGINA ', NULL, 9),
(54, 'VOHIBATO ', NULL, 9),
(55, 'IAKORA ', NULL, 10),
(56, 'IHOSY ', NULL, 10),
(57, 'IVOHIBE ', NULL, 10),
(58, 'IFANADIANA ', NULL, 11),
(59, 'IKONGO ', NULL, 12),
(60, 'MANAKARA ', NULL, 12),
(61, 'MANANJARY ', NULL, 11),
(62, 'NOSY VARIKA ', NULL, 11),
(63, 'VOHIPENO ', NULL, 12),
(64, 'KANDREHO ', NULL, 13),
(65, 'MAEVATANANA ', NULL, 13),
(66, 'TSARATANANA ', NULL, 13),
(67, 'AMBATO BOENI ', NULL, 14),
(68, 'MAHAJANGA I ', NULL, 14),
(69, 'MAHAJANGA II ', NULL, 14),
(70, 'MAROVOAY ', NULL, 14),
(71, 'MITSINJO ', NULL, 14),
(72, 'SOALALA ', NULL, 14),
(73, 'AMBATOMAINTY ', NULL, 15),
(74, 'ANTSALOVA ', NULL, 15),
(75, 'BESALAMPY ', NULL, 15),
(76, 'MAINTIRANO ', NULL, 15),
(77, 'MORAFENOBE ', NULL, 15),
(78, 'ANALALAVA ', NULL, 16),
(79, 'ANTSOHIHY ', NULL, 16),
(80, 'BEALANANA ', NULL, 16),
(81, 'BEFANDRIANA NORD ', NULL, 16),
(82, 'MAMPIKONY ', NULL, 16),
(83, 'MANDRITSARA ', NULL, 16),
(84, 'PORT-BERGE ', NULL, 16),
(85, 'AMBATONDRAZAKA ', NULL, 17),
(86, 'AMPARAFARAVOLA ', NULL, 17),
(87, 'ANDILAMENA ', NULL, 17),
(88, 'ANOSIBE AN ALA ', NULL, 17),
(89, 'MORAMANGA ', NULL, 17),
(90, 'FENERIVE EST ', NULL, 18),
(91, 'MANANARA-NORD ', NULL, 18),
(92, 'MAROANTSETRA ', NULL, 18),
(93, 'SAINTE MARIE ', NULL, 18),
(94, 'SOANIERANA IVONGO ', NULL, 18),
(95, 'VAVATENINA ', NULL, 18),
(96, 'ANTANAMBAO MANAMPONTSY ', NULL, 19),
(97, 'BRICKAVILLE ', NULL, 19),
(98, 'MAHANORO ', NULL, 19),
(99, 'MAROLAMBO ', NULL, 19),
(100, 'TOAMASINA I ', NULL, 19),
(101, 'TOAMASINA II ', NULL, 19),
(102, 'VATOMANDRY ', NULL, 19),
(103, 'AMBOVOMBE ANDROY ', NULL, 20),
(104, 'BEKILY ', NULL, 20),
(105, 'BELOHA ANDROY ', NULL, 20),
(106, 'TSIHOMBE ', NULL, 20),
(107, 'AMBOASARY SUD ', NULL, 21),
(108, 'BETROKA ', NULL, 21),
(109, 'TAOLANARO ', NULL, 21),
(110, 'AMPANIHY OUEST ', NULL, 22),
(111, 'ANKAZOABO SUD ', NULL, 22),
(112, 'BENENITRA ', NULL, 22),
(113, 'BEROROHA ', NULL, 22),
(114, 'BETIOKY SUD ', NULL, 22),
(115, 'MOROMBE ', NULL, 22),
(116, 'SAKARAHA ', NULL, 22),
(117, 'TOLIARY I ', NULL, 22),
(118, 'TOLIARY II ', NULL, 22),
(119, 'BELO SUR TSIRIBIHINA ', NULL, 23),
(120, 'MAHABO ', NULL, 23),
(121, 'MANJA ', NULL, 23),
(122, 'MIANDRIVAZO ', NULL, 23),
(123, 'MORONDAVA ', NULL, 23);

-- --------------------------------------------------------

--
-- Structure de la table `indicateur`
--

CREATE TABLE `indicateur` (
  `id` bigint(20) NOT NULL,
  `label` text NOT NULL,
  `comment` bigint(20) DEFAULT NULL,
  `thematique_id` bigint(20) NOT NULL,
  `sum` bigint(20) NOT NULL DEFAULT 0,
  `moy` bigint(20) NOT NULL DEFAULT 0,
  `count` bigint(20) NOT NULL DEFAULT 0,
  `id_question` bigint(20) DEFAULT NULL
) ENGINE=InnoDB DEFAULT CHARSET=utf8;

--
-- Déchargement des données de la table `indicateur`
--

INSERT INTO `indicateur` (`id`, `label`, `comment`, `thematique_id`, `sum`, `moy`, `count`, `id_question`) VALUES
(6, 'Superficie des Aires protégées ()', NULL, 2, 1, 0, 0, 18),
(7, 'Nombre AP ayant un gestionnaire', NULL, 2, 0, 0, 1, 1),
(8, 'Nombre de ménages bénéficiant des activités de conservations/développement (AGR)', NULL, 2, 1, 0, 0, 10),
(9, 'Nombre d\'activités réalisées dans les PAG', NULL, 2, 1, 0, 0, 13),
(11, 'Superficie restaurée', NULL, 2, 1, 0, 0, 19),
(12, 'Nombre d\'espèces objet de trafic illicite', NULL, 3, 0, 0, 1, 1),
(13, 'Nombre de ménages bénéficiaires d\'action de lutte contre le changement climatique', NULL, 5, 1, 0, 0, 147),
(14, 'Superficie de puit de carbone géré durablement', NULL, 5, 1, 0, 0, 152),
(15, 'Nombre de contrôles effectués', NULL, 6, 0, 0, 1, 162),
(16, 'Nombre d\'infractions constatées', NULL, 6, 0, 0, 1, 162),
(17, 'Nombre de dossiers traités', NULL, 6, 0, 0, 1, 162),
(20, 'Nombre de plaintes traitées (par secteur)', NULL, 6, 0, 0, 1, 162),
(21, 'Nombre d\'infractions déférées', NULL, 6, 0, 0, 1, 162),
(22, 'Nombre de cas de transaction avant jugement', NULL, 6, 0, 0, 1, 162),
(23, 'Quantité de produits saisis (par type de produit)', NULL, 6, 1, 0, 0, 186),
(24, 'Nombre de chaînes de valeurs vertes promues', NULL, 8, 0, 0, 1, 202),
(26, 'Nombre d\'emplois verts décents créés', NULL, 8, 1, 0, 0, 227),
(27, 'Nombre d\'alternative écologique promue', NULL, 8, 0, 0, 1, 202),
(28, 'Nombre de certification RSE', NULL, 8, 0, 0, 1, 202),
(29, 'Nombre de mise en conformité, permis et/ou autorisation environnementale (PREE), permis environnementaux délivrés', NULL, 9, 0, 0, 1, 230),
(30, 'Nombre d\'infrastructures de gestion de déchets créées', NULL, 9, 0, 0, 1, 230),
(31, 'Surfaces brûlées (par type)', NULL, 10, 1, 0, 0, 260),
(32, 'Longueur totale de pare-feu', NULL, 10, 1, 0, 0, 278),
(33, 'Nombre de structures opérationnelles de gestion des feux', NULL, 10, 0, 0, 1, 254),
(34, 'Nombre de structure de gestion des feux', NULL, 10, 0, 0, 1, 254),
(35, 'Nombre de système d\'alerte de feux', NULL, 10, 0, 0, 1, 254),
(66, 'Superficie reboisée totale', NULL, 17, 1, 0, 0, 74),
(67, 'Superficie de mangroves restaurées ', NULL, 17, 1, 0, 0, 74),
(68, 'Nombre de plants produits', NULL, 17, 1, 0, 0, 113);

-- --------------------------------------------------------

--
-- Structure de la table `province`
--

CREATE TABLE `province` (
  `id` bigint(20) NOT NULL,
  `label` text NOT NULL,
  `comment` text DEFAULT NULL
) ENGINE=InnoDB DEFAULT CHARSET=utf8;

--
-- Déchargement des données de la table `province`
--

INSERT INTO `province` (`id`, `label`, `comment`) VALUES
(1, 'Antananarivo', '8864904553756276688'),
(2, 'Antsiranana', '-8711031052795110745'),
(3, 'Fianarantsoa', '7270744785182717817'),
(4, 'Mahajanga', '-949041082025301867'),
(5, 'Toamasina', '2810143387255338619'),
(6, 'Toliara', '-4460846208442074585');

-- --------------------------------------------------------

--
-- Structure de la table `question`
--

CREATE TABLE `question` (
  `id` bigint(20) NOT NULL,
  `question` text DEFAULT NULL,
  `is_principale` bigint(20) NOT NULL DEFAULT 0,
  `field_type` bigint(20) NOT NULL DEFAULT 1,
  `level` decimal(10,0) NOT NULL DEFAULT 1,
  `frequence_resp` bigint(20) NOT NULL DEFAULT 1,
  `indicateur_id` bigint(20) DEFAULT NULL,
  `question_mere_id` bigint(20) DEFAULT NULL,
  `objectif` text DEFAULT NULL,
  `label` text NOT NULL,
  `unite` text DEFAULT NULL
) ENGINE=InnoDB DEFAULT CHARSET=utf8;

--
-- Déchargement des données de la table `question`
--

INSERT INTO `question` (`id`, `question`, `is_principale`, `field_type`, `level`, `frequence_resp`, `indicateur_id`, `question_mere_id`, `objectif`, `label`, `unite`) VALUES
(1, 'Nom de l\'AP', 1, 1, '3', 1, NULL, NULL, NULL, 'Nom de l\'AP', ''),
(2, 'Catégorie', 0, 1, '3', 1, NULL, 1, NULL, 'Catégorie', ''),
(3, 'Statut temporaire ou définitif', 0, 1, '3', 1, NULL, 1, NULL, 'Statut temporaire ou définitif', ''),
(4, 'Décret si définitif', 0, 1, '3', 1, NULL, 1, NULL, 'Décret si définitif', ''),
(5, 'Shapefile de l\'AP', 0, 1, '3', 1, NULL, 1, NULL, 'Shapefile de l\'AP', ''),
(6, 'Type : terrestre ou marine', 0, 1, '3', 1, 6, 1, NULL, 'Type : terrestre ou marine', ''),
(7, 'Présence de zones humides (oui/non)', 0, 1, '3', 1, NULL, 1, NULL, 'Présence de zones humides (oui/non)', ''),
(8, 'Superficie zones humides (ha)', 0, 1, '3', 1, NULL, 1, NULL, 'Superficie zones humides (ha)', ''),
(9, 'Nom du gestionnaire', 0, 1, '3', 1, 7, 1, NULL, 'Nom du gestionnaire', ''),
(10, 'Nombre de ménages bénéficiant des activités de conservations/développement (AGR)', 0, 1, '3', 1, NULL, 1, NULL, 'Nombre de ménages bénéficiant des activités de conservations/développement (AGR)', ''),
(11, 'Existence de PAG élaboré (oui/non)', 0, 1, '3', 1, NULL, 1, NULL, 'Existence de PAG élaboré (oui/non)', ''),
(12, 'Nombre d\'activités dans le PAG', 0, 1, '3', 1, NULL, 1, NULL, 'Nombre d\'activités dans le PAG', ''),
(13, 'Nombre d\'activités réalisées dans le PAG', 0, 1, '3', 1, NULL, 1, NULL, 'Nombre d\'activités réalisées dans le PAG', ''),
(14, 'Existence de PGES élaboré (oui/non)', 0, 1, '3', 1, NULL, 1, NULL, 'Existence de PGES élaboré (oui/non)', ''),
(15, 'Existence de EIE réalisé (oui/non)', 0, 1, '3', 1, NULL, 1, NULL, 'Existence de EIE réalisé (oui/non)', ''),
(16, 'Existence de permis environnemental délivré (oui/non)', 0, 1, '3', 1, NULL, 1, NULL, 'Existence de permis environnemental délivré (oui/non)', ''),
(17, 'AP redélimitée (oui/non)', 0, 1, '3', 1, NULL, 1, NULL, 'AP redélimitée (oui/non)', ''),
(18, 'Superficie de l\'AP (ha)', 0, 1, '3', 1, NULL, 1, NULL, 'Superficie de l\'AP (ha)', ''),
(19, 'Superficie restaurée (ha)', 0, 1, '3', 1, NULL, 1, NULL, 'Superficie restaurée (ha)', ''),
(20, 'Contrat de délégation de gestion signé (oui/non)', 0, 1, '3', 1, NULL, 1, NULL, 'Contrat de délégation de gestion signé (oui/non)', ''),
(21, 'AP disposant de structures opérationnelles de gestion (oui/non)', 0, 1, '3', 1, 7, 1, NULL, 'AP disposant de structures opérationnelles de gestion (oui/non)', ''),
(22, 'AP dont la création et la gestion sont appuyées (oui/non)', 0, 1, '3', 1, NULL, 1, NULL, 'AP dont la création et la gestion sont appuyées (oui/non)', ''),
(23, 'Type d\'appui (dotation matériels, formation, AGR, …)', 0, 1, '3', 1, NULL, 1, NULL, 'Type d\'appui (dotation matériels, formation, AGR, …)', ''),
(24, 'Source de financement (interne ou externe)', 0, 1, '3', 1, NULL, 1, NULL, 'Source de financement (interne ou externe)', ''),
(25, 'Projet (si externe)', 0, 1, '3', 1, NULL, 1, NULL, 'Projet (si externe)', ''),
(26, 'AP dotée d\'un système de gestion administrative et financière (oui/non)', 0, 1, '3', 1, NULL, 1, NULL, 'AP dotée d\'un système de gestion administrative et financière (oui/non)', ''),
(27, 'AP dotée d\'un système de suivi écologique opérationnel (oui/non)', 0, 1, '3', 1, NULL, 1, NULL, 'AP dotée d\'un système de suivi écologique opérationnel (oui/non)', ''),
(28, 'AP disposant d\'un résultat de suivi écologique (oui/non)', 0, 1, '3', 1, NULL, 1, NULL, 'AP disposant d\'un résultat de suivi écologique (oui/non)', ''),
(29, 'AP dotée de système de gestion des feux (oui/non)', 0, 1, '3', 1, NULL, 1, NULL, 'AP dotée de système de gestion des feux (oui/non)', ''),
(30, 'AP dotée d\'un système de surveillance et de contrôle opérationnel (oui/non)', 0, 1, '3', 1, NULL, 1, NULL, 'AP dotée d\'un système de surveillance et de contrôle opérationnel (oui/non)', ''),
(31, 'AP avec maintenance/entretien des infrastructures de conservation assurés (oui/non)', 0, 1, '3', 1, NULL, 1, NULL, 'AP avec maintenance/entretien des infrastructures de conservation assurés (oui/non)', ''),
(32, 'AP dotée d\'infrastructures écotouristiques (oui/non)', 0, 1, '3', 1, NULL, 1, NULL, 'AP dotée d\'infrastructures écotouristiques (oui/non)', ''),
(33, 'AP avec maintenance et entretien des infrastructures écotouristiques et de service assurés (oui/non)', 0, 1, '3', 1, NULL, 1, NULL, 'AP avec maintenance et entretien des infrastructures écotouristiques et de service assurés (oui/non)', ''),
(34, 'AP faisant objet d\'un zonage matérialisé (oui/non)', 0, 1, '3', 1, NULL, 1, NULL, 'AP faisant objet d\'un zonage matérialisé (oui/non)', ''),
(35, 'AP mettant en œuvre dans leurs ZP des programmes spécifiques d\'éducation environnementale (oui/non)', 0, 1, '3', 1, NULL, 1, NULL, 'AP mettant en œuvre dans leurs ZP des programmes spécifiques d\'éducation environnementale (oui/non)', ''),
(36, 'AP faisant objet de restauration d’habitats (oui/non)', 0, 1, '3', 1, NULL, 1, NULL, 'AP faisant objet de restauration d’habitats (oui/non)', ''),
(37, 'Indice d\'efficacité globale de gestion de l\'AP', 0, 1, '3', 1, NULL, 1, NULL, 'Indice d\'efficacité globale de gestion de l\'AP', ''),
(38, 'Taux de représentation des écosystèmes dans l\'AP (%)', 0, 1, '3', 1, NULL, 1, NULL, 'Taux de représentation des écosystèmes dans l\'AP ', ''),
(39, 'Liste des menaces et pressions recensées', 0, 1, '3', 1, NULL, 1, NULL, 'Liste des menaces et pressions recensées', ''),
(40, 'Taux de réduction des menaces au niveau de l\'AP (%)', 0, 1, '3', 1, NULL, 1, NULL, 'Taux de réduction des menaces au niveau de l\'AP ', ''),
(41, 'Maintien de l\'indice d\'endémisme au niveau de l\'AP', 0, 1, '3', 1, NULL, 1, NULL, 'Maintien de l\'indice d\'endémisme au niveau de l\'AP', ''),
(42, 'Maintien de l\'indice de santé des habitats liés à la couverture végétale au niveau de l\'AP', 0, 1, '3', 1, NULL, 1, NULL, 'Maintien de l\'indice de santé des habitats liés à la couverture végétale au niveau de l\'AP', ''),
(43, 'Nom de sites hors AP disposent de plan d\'aménagement et de gestion écotouristique opérationnel (liste)', 0, 1, '3', 1, NULL, 1, NULL, 'Nom de sites hors AP disposent de plan d\'aménagement et de gestion écotouristique opérationnel (liste)', ''),
(55, 'Insitution', 1, 1, '3', 1, NULL, NULL, NULL, 'Insitution', ''),
(56, 'DREDD/CIREDD', 0, 1, '3', 1, NULL, 55, NULL, 'DREDD/CIREDD', ''),
(57, 'Region', 0, 1, '3', 1, NULL, 55, NULL, 'Region', ''),
(58, 'District', 0, 1, '3', 1, NULL, 55, NULL, 'District', ''),
(59, 'Commune', 0, 1, '3', 1, NULL, 55, NULL, 'Commune', ''),
(60, 'Fokontany', 0, 1, '3', 1, NULL, 55, NULL, 'Fokontany', ''),
(61, 'Site/Localite', 0, 1, '3', 1, NULL, 55, NULL, 'Site/Localite', ''),
(62, 'Situation juridique', 0, 1, '3', 1, NULL, 55, NULL, 'Situation juridique', ''),
(63, 'Longitude (en degré décimal) : X', 0, 1, '3', 1, NULL, 55, NULL, 'Longitude (en degré décimal) : X', ''),
(64, 'Latitude (en degré décimal) : Y', 0, 1, '3', 1, NULL, 55, NULL, 'Latitude (en degré décimal) : Y', ''),
(65, 'Responsable', 0, 1, '3', 1, NULL, 55, NULL, 'Responsable', ''),
(66, 'Objectif de reboisement (restauration, energétique, bois d\'œuvre, …)', 0, 1, '3', 1, NULL, 55, NULL, 'Objectif de reboisement (restauration, energétique, bois d\'œuvre, …)', ''),
(67, 'Ecosystème (mangrove, zone humide, forêt humide, forêt sèche, …)', 0, 1, '3', 1, 67, 55, NULL, 'Ecosystème (mangrove, zone humide, forêt humide, forêt sèche, …)', ''),
(68, 'Approche', 0, 1, '3', 1, NULL, 55, NULL, 'Approche', ''),
(69, 'Surface totale prévue (ha)', 0, 1, '3', 1, NULL, 55, NULL, 'Surface totale prévue (ha)', ''),
(70, 'Nombre plants mise en terre', 0, 1, '3', 1, NULL, 55, NULL, 'Nombre plants mise en terre', ''),
(71, 'Espèce', 0, 1, '3', 1, NULL, 55, NULL, 'Espèce', ''),
(72, 'Date de mise en terre', 0, 1, '3', 1, NULL, 55, NULL, 'Date de mise en terre', ''),
(73, 'Source de plants', 0, 1, '3', 1, NULL, 55, NULL, 'Source de plants', ''),
(74, 'Superficie reboisée (ha)', 0, 1, '3', 1, NULL, 55, NULL, 'Superficie reboisée (ha)', ''),
(75, 'Shapefile surface reboisée', 0, 1, '3', 1, NULL, 55, NULL, 'Shapefile surface reboisée', ''),
(76, 'Source de financement (interne ou externe)', 0, 1, '3', 1, NULL, 55, NULL, 'Source de financement (interne ou externe)', ''),
(77, 'Projet (si externe)', 0, 1, '3', 1, NULL, 55, NULL, 'Projet (si externe)', ''),
(78, 'Pare feux (km)', 0, 1, '3', 1, NULL, 55, NULL, 'Pare feux (km)', ''),
(79, 'Matériels de lutte active', 0, 1, '3', 1, NULL, 55, NULL, 'Matériels de lutte active', ''),
(80, 'Existence de structure de lutte (oui/non)', 0, 1, '3', 1, NULL, 55, NULL, 'Existence de structure de lutte (oui/non)', ''),
(81, 'Surface brûlée (ha)', 0, 1, '3', 1, NULL, 55, NULL, 'Surface brûlée (ha)', ''),
(82, 'Shapefile surface de reboisement brûlée', 0, 1, '3', 1, NULL, 55, NULL, 'Shapefile surface de reboisement brûlée', ''),
(83, 'Action de lutte', 0, 1, '3', 1, NULL, 55, NULL, 'Action de lutte', ''),
(84, 'Date d\'intervention', 0, 1, '3', 1, NULL, 55, NULL, 'Date d\'intervention', ''),
(85, 'Responsable pépinière', 0, 1, '3', 1, NULL, 55, NULL, 'Responsable', ''),
(86, 'Regarnissage', 0, 1, '3', 1, NULL, 55, NULL, 'Regarnissage', ''),
(87, 'Date de regarnissage', 0, 1, '3', 1, NULL, 55, NULL, 'Date de regarnissage', ''),
(88, 'Nettoyage', 0, 1, '3', 1, NULL, 55, NULL, 'Nettoyage', ''),
(89, 'Date de nettoyage', 0, 1, '3', 1, NULL, 55, NULL, 'Date de nettoyage', ''),
(90, 'Elagage', 0, 1, '3', 1, NULL, 55, NULL, 'Elagage', ''),
(91, 'Date d\'elagage', 0, 1, '3', 1, NULL, 55, NULL, 'Date d\'elagage', ''),
(92, 'Bénéficiaires', 0, 1, '3', 1, NULL, 55, NULL, 'Bénéficiaires', ''),
(93, 'Eclaicie 1', 0, 1, '3', 1, NULL, 55, NULL, 'Eclaicie 1', ''),
(94, 'Date eclaircie 1', 0, 1, '3', 1, NULL, 55, NULL, 'Date eclaircie 1', ''),
(95, 'Eclarcie 2', 0, 1, '3', 1, NULL, 55, NULL, 'Eclarcie 2', ''),
(96, 'Date eclaircie 2', 0, 1, '3', 1, NULL, 55, NULL, 'Date eclaircie 2', ''),
(97, 'Coupe rase', 0, 1, '3', 1, NULL, 55, NULL, 'Coupe rase', ''),
(98, 'Date coupe rase', 0, 1, '3', 1, NULL, 55, NULL, 'Date coupe rase', ''),
(99, 'Date de création de la pépinière', 0, 1, '3', 1, NULL, 55, NULL, 'Date de création de la pépinière', ''),
(100, 'Actuellement fonctionnelle (oui/non)', 0, 1, '3', 1, NULL, 55, NULL, 'Actuellement fonctionnelle (oui/non)', ''),
(101, 'Longitude pépinière (en degré décimal) : X', 0, 1, '3', 1, NULL, 55, NULL, 'Longitude (en degré décimal) : X', ''),
(102, 'Latitude pépinière (en degré décimal) : Y', 0, 1, '3', 1, NULL, 55, NULL, 'Latitude (en degré décimal) : Y', ''),
(103, 'Pépinière villageoise (oui/non)', 0, 1, '3', 1, NULL, 55, NULL, 'Pépinière villageoise (oui/non)', ''),
(104, 'Shapefile localisation pépinière', 0, 1, '3', 1, NULL, 55, NULL, 'Shapefile localisation pépinière', ''),
(105, 'Source de financement pépinière (interne ou externe)', 0, 1, '3', 1, NULL, 55, NULL, 'Source de financement (interne ou externe)', ''),
(106, 'Projet pépinière (si externe)', 0, 1, '3', 1, NULL, 55, NULL, 'Projet (si externe)', ''),
(107, 'Nom Propriétaire (Nom et prénom si personne physique ; Nom ou dénomination si personne morale)', 0, 1, '3', 1, NULL, 55, NULL, 'Nom Propriétaire (Nom et prénom si personne physique ; Nom ou dénomination si personne morale)', ''),
(108, 'Genre', 0, 1, '3', 1, NULL, 55, NULL, 'Genre', ''),
(109, 'Nombre total des employés', 0, 1, '3', 1, NULL, 55, NULL, 'Nombre total des employés', ''),
(110, 'Nombre des femmes impliquées à la production de plants.', 0, 1, '3', 1, NULL, 55, NULL, 'Nombre des femmes impliquées à la production de plants.', ''),
(111, 'Essences utilisées en pépinière', 0, 1, '3', 1, NULL, 55, NULL, 'Essences utilisées en pépinière', ''),
(112, 'Capacite maximale de production (nombre)', 0, 1, '3', 1, NULL, 55, NULL, 'Capacite maximale de production (nombre)', ''),
(113, 'Nombre de plants prêts à être mis en terre produits', 0, 1, '3', 1, NULL, 55, NULL, 'Nombre de plants prêts à être mis en terre produits', ''),
(114, 'Espèce', 1, 1, '3', 1, NULL, NULL, NULL, 'Espèce', ''),
(115, 'Nom vernaculaire', 0, 1, '3', 1, NULL, 114, NULL, 'Nom vernaculaire', ''),
(116, 'Longitude (degré décimal) : X', 0, 1, '3', 1, NULL, 114, NULL, 'Longitude (degré décimal) : X', ''),
(117, 'Latitude (degré décimal) : Y', 0, 1, '3', 1, NULL, 114, NULL, 'Latitude (degré décimal) : Y', ''),
(118, 'Shapefile correspondant', 0, 1, '3', 1, NULL, 114, NULL, 'Shapefile correspondant', ''),
(119, 'Statut UICN', 0, 1, '3', 1, NULL, 114, NULL, 'Statut UICN', ''),
(120, 'Endémique (oui/non)', 0, 1, '3', 1, NULL, 114, NULL, 'Endémique (oui/non)', ''),
(121, 'Ressource phare (oui/non)', 0, 1, '3', 1, NULL, 114, NULL, 'Ressource phare (oui/non)', ''),
(122, 'Ressource menacée (oui/non)', 0, 1, '3', 1, NULL, 114, NULL, 'Ressource menacée (oui/non)', ''),
(123, 'Cible de conservation (oui/non)', 0, 1, '3', 1, NULL, 114, NULL, 'Cible de conservation (oui/non)', ''),
(124, 'Nom de l\'AP de provenance de la ressource', 0, 1, '3', 1, NULL, 114, NULL, 'Nom de l\'AP de provenance de la ressource', ''),
(125, 'Liste des menaces et pressions recensées', 0, 1, '3', 1, NULL, 114, NULL, 'Liste des menaces et pressions recensées', ''),
(126, 'Liste PFL associés', 0, 1, '3', 1, NULL, 114, NULL, 'Liste PFL associés', ''),
(127, 'PFL inscrit dans CITES (oui/non)', 0, 1, '3', 1, NULL, 114, NULL, 'PFL inscrit dans CITES (oui/non)', ''),
(128, 'Liste PFNL associés', 0, 1, '3', 1, NULL, 114, NULL, 'Liste PFNL associés', ''),
(129, 'PFNL inscrit dans CITES (oui/non)', 0, 1, '3', 1, NULL, 114, NULL, 'PFNL inscrit dans CITES (oui/non)', ''),
(130, 'Existence de filière concernant la ressource/biodiversité (oui/non)', 0, 1, '3', 1, NULL, 114, NULL, 'Existence de filière concernant la ressource/biodiversité (oui/non)', ''),
(131, 'Appui financier et/ou technique de la filière (oui/non)', 0, 1, '3', 1, NULL, 114, NULL, 'Appui financier et/ou technique de la filière (oui/non)', ''),
(132, 'Source de financement (interne ou externe)', 0, 1, '3', 1, NULL, 114, NULL, 'Source de financement (interne ou externe)', ''),
(133, 'Projet (si externe)', 0, 1, '3', 1, NULL, 114, NULL, 'Projet (si externe)', ''),
(134, 'Espèce objet de trafic illicite (oui/non)', 0, 1, '3', 1, 12, 114, NULL, 'Espèce objet de trafic illicite (oui/non)', ''),
(135, 'Date de constat', 0, 1, '3', 1, NULL, 114, NULL, 'Date de constat', ''),
(136, 'Quantité saisie', 0, 1, '3', 1, NULL, 114, NULL, 'Quantité saisie', ''),
(137, 'Dossier traité (oui/non)', 0, 1, '3', 1, NULL, 114, NULL, 'Dossier traité (oui/non)', ''),
(138, 'Référence du dossier', 0, 1, '3', 1, NULL, 114, NULL, 'Référence du dossier', ''),
(139, 'Images', 0, 1, '3', 1, NULL, 114, NULL, 'Images', ''),
(140, 'Nom des plans de mise en œuvre de la Politique Nationale de Lutte contre le Changement Climatique mise en place', 1, 1, '3', 1, NULL, NULL, NULL, 'Nom des plans de mise en œuvre de la Politique Nationale de Lutte contre le Changement Climatique mise en place', ''),
(141, 'Nom de projet d\'adaptation et résilience au changement climatique et REDD+', 0, 1, '3', 1, NULL, 140, NULL, 'Nom de projet d\'adaptation et résilience au changement climatique et REDD+', ''),
(142, 'Mis en œuvre (oui/non)', 0, 1, '3', 1, NULL, 140, NULL, 'Mis en œuvre (oui/non)', ''),
(143, 'Activités sectorielles ou projets intégrant le climat et le changement climatique (liste)', 0, 1, '3', 1, NULL, 140, NULL, 'Activités sectorielles ou projets intégrant le climat et le changement climatique (liste)', ''),
(144, 'Stations climatologiques participant à la veille climatique et agrométéorologique (liste)', 0, 1, '3', 1, NULL, 140, NULL, 'Stations climatologiques participant à la veille climatique et agrométéorologique (liste)', ''),
(145, 'Action de lutte contre le changement climatique intégrée dans la promotion d\'une économie résiliente (liste)', 0, 1, '3', 1, NULL, 140, NULL, 'Action de lutte contre le changement climatique intégrée dans la promotion d\'une économie résiliente (liste)', ''),
(146, 'Localité', 0, 1, '3', 1, NULL, 140, NULL, 'Localité', ''),
(147, 'Nombre de ménages bénéficiaires', 0, 1, '3', 1, NULL, 140, NULL, 'Nombre de ménages bénéficiaires', ''),
(148, 'Nombre de femmes bénéficiaires', 0, 1, '3', 1, NULL, 140, NULL, 'Nombre de femmes bénéficiaires', ''),
(149, 'Nombre de jeunes bénéficiaires', 0, 1, '3', 1, NULL, 140, NULL, 'Nombre de jeunes bénéficiaires', ''),
(150, 'Source de financement (interne ou externe)', 0, 1, '3', 1, NULL, 140, NULL, 'Source de financement (interne ou externe)', ''),
(151, 'Projet (si externe)', 0, 1, '3', 1, NULL, 140, NULL, 'Projet (si externe)', ''),
(152, 'Surface de forêts gérées dans le cadre du CC et REDD+ (ha)', 0, 1, '3', 1, NULL, 140, NULL, 'Surface de forêts gérées dans le cadre du CC et REDD+ (ha)', ''),
(153, 'Shapefile correspondant', 0, 1, '3', 1, NULL, 140, NULL, 'Shapefile correspondant', ''),
(154, 'Taux d\'emission de CO2 (%)', 0, 1, '3', 1, NULL, 140, NULL, 'Taux d\'emission de CO2 (%)', ''),
(155, 'Nature des catastrophes naturelles', 0, 1, '3', 1, NULL, 140, NULL, 'Nature des catastrophes naturelles', ''),
(156, 'Date de la catastrophe naturelle', 0, 1, '3', 1, NULL, 140, NULL, 'Date de la catastrophe naturelle', ''),
(157, 'Nombre de victimes corporelles dues aux catastrophes naturelles', 0, 1, '3', 1, NULL, 140, NULL, 'Nombre de victimes corporelles dues aux catastrophes naturelles', ''),
(158, 'Nombre de personnes déplacées pour cause d’aléas climatiques', 0, 1, '3', 1, NULL, 140, NULL, 'Nombre de personnes déplacées pour cause d’aléas climatiques', ''),
(159, 'Matériels endommagés dus aux catastrophes naturelles', 0, 1, '3', 1, NULL, 140, NULL, 'Matériels endommagés dus aux catastrophes naturelles', ''),
(160, 'Ampleur des dommages matériels dus aux catastrophes naturelles (faible, moyen, fort)', 0, 1, '3', 1, NULL, 140, NULL, 'Ampleur des dommages matériels dus aux catastrophes naturelles (faible, moyen, fort)', ''),
(161, 'Liste de zones enclavées suite aux aléas climatiques', 0, 1, '3', 1, NULL, 140, NULL, 'Liste de zones enclavées suite aux aléas climatiques', ''),
(162, 'Date de la mission de contrôle environnemental', 0, 1, '3', 1, NULL, NULL, NULL, 'Date de la mission de contrôle environnemental', ''),
(163, 'Mission de contrôle environnemental effectuée ou réalisée (oui/non)', 0, 1, '3', 1, NULL, 162, NULL, 'Mission de contrôle environnemental effectuée ou réalisée (oui/non)', ''),
(164, 'Nature de l\'infraction environnementale', 0, 1, '3', 1, 16, 162, NULL, 'Nature de l\'infraction environnementale', ''),
(165, 'Motif de PV d\'infraction établi (constat)', 0, 1, '3', 1, NULL, 162, NULL, 'Motif de PV d\'infraction établi (constat)', ''),
(166, 'Intitulé de dossiers d\'infractions environnementales avec référence', 0, 1, '3', 1, NULL, 162, NULL, 'Intitulé de dossiers d\'infractions environnementales avec référence', ''),
(167, 'Dossier d\'infractions environnementales traité (oui/non)', 0, 1, '3', 1, 17, 162, NULL, 'Dossier d\'infractions environnementales traité (oui/non)', ''),
(168, 'Existence de dispositifs de contrôle environnemental de proximité (oui/non)', 0, 1, '3', 1, NULL, 162, NULL, 'Existence de dispositifs de contrôle environnemental de proximité (oui/non)', ''),
(169, 'Dispositifs de contrôle redynamisés (oui/non)', 0, 1, '3', 1, NULL, 162, NULL, 'Dispositifs de contrôle redynamisés (oui/non)', ''),
(170, 'Intitulé de plaintes environnementales déposées avec référence', 0, 1, '3', 1, NULL, 162, NULL, 'Intitulé de plaintes environnementales déposées avec référence', ''),
(171, 'Date de déposition', 0, 1, '3', 1, NULL, 162, NULL, 'Date de déposition', ''),
(172, 'Secteur concerné (Agriculture, Industrie, Service)', 0, 1, '3', 1, NULL, 162, NULL, 'Secteur concerné (Agriculture, Industrie, Service)', ''),
(173, 'Plaintes environnementales traitées (oui/non)', 0, 1, '3', 1, NULL, 162, NULL, 'Plaintes environnementales traitées (oui/non)', ''),
(174, 'Date de traitement', 0, 1, '3', 1, NULL, 162, NULL, 'Date de traitement', ''),
(175, 'Plaintes environnementales résolues (oui/non)', 0, 1, '3', 1, 20, 162, NULL, 'Plaintes environnementales résolues (oui/non)', ''),
(176, 'Date de résolution', 0, 1, '3', 1, NULL, 162, NULL, 'Date de résolution', ''),
(177, 'Mesures correctives et recommandations', 0, 1, '3', 1, NULL, 162, NULL, 'Mesures correctives et recommandations', ''),
(178, 'Intitulé de la mission de contrôle forestier', 0, 1, '3', 1, NULL, 162, NULL, 'Intitulé de la mission de contrôle forestier', ''),
(179, 'Date de la mission de contrôle forestier', 0, 1, '3', 1, NULL, 162, NULL, 'Date de la mission de contrôle forestier', ''),
(180, 'Mission de contrôle forestier effectuée ou réalisée (oui/non)', 0, 1, '3', 1, NULL, 162, NULL, 'Mission de contrôle forestier effectuée ou réalisée (oui/non)', ''),
(181, 'Motif du PV d\'infraction (constat)', 0, 1, '3', 1, NULL, 162, NULL, 'Motif du PV d\'infraction (constat)', ''),
(182, 'Intitulé du PV de saisie avec référence', 0, 1, '3', 1, NULL, 162, NULL, 'Intitulé du PV de saisie avec référence', ''),
(183, 'Nature du produit saisi (PFL, PFNL)', 0, 1, '3', 1, NULL, 162, NULL, 'Nature du produit saisi (PFL, PFNL)', ''),
(184, 'Espèce du produit saisi', 0, 1, '3', 1, NULL, 162, NULL, 'Espèce du produit saisi', ''),
(185, 'Date de saisi', 0, 1, '3', 1, NULL, 162, NULL, 'Date de saisi', ''),
(186, 'Quantité de produit saisi (Unité à préciser)', 0, 1, '3', 1, NULL, 162, NULL, 'Quantité de produit saisi (Unité à préciser)', ''),
(187, 'Intitulé du PV de séquestre avec référence', 0, 1, '3', 1, NULL, 162, NULL, 'Intitulé du PV de séquestre avec référence', ''),
(188, 'Nature du produit sequestré', 0, 1, '3', 1, 23, 162, NULL, 'Nature du produit sequestré', ''),
(189, 'Espèce du produit sequestré', 0, 1, '3', 1, NULL, 162, NULL, 'Espèce du produit sequestré', ''),
(190, 'Date de sequestre', 0, 1, '3', 1, NULL, 162, NULL, 'Date de sequestre', ''),
(191, 'Quantité de produit sequestré (Unité à préciser)', 0, 1, '3', 1, NULL, 162, NULL, 'Quantité de produit sequestré (Unité à préciser)', ''),
(192, 'Conclusions emis par les représnetants ministériels vers le parquet', 0, 1, '3', 1, NULL, 162, NULL, 'Conclusions emis par les représnetants ministériels vers le parquet', ''),
(193, 'Infraction déférée (oui/non)', 0, 1, '3', 1, 21, 162, NULL, 'Infraction déférée (oui/non)', ''),
(194, 'Intitulé du dossier transmis au parquet avec référence', 0, 1, '3', 1, NULL, 162, NULL, 'Intitulé du dossier transmis au parquet avec référence', ''),
(195, 'Existence de transaction avant jugement (oui/non)', 0, 1, '3', 1, 22, 162, NULL, 'Existence de transaction avant jugement (oui/non)', ''),
(196, 'Nature de l\'infraction verbalisée', 0, 1, '3', 1, NULL, 162, NULL, 'Nature de l\'infraction verbalisée', ''),
(197, 'Intitulé de dossiers d\'infractions forestières avec référence', 0, 1, '3', 1, NULL, 162, NULL, 'Intitulé de dossiers d\'infractions forestières avec référence', ''),
(198, 'Dossier d\'infractions forestières traité (oui/non)', 0, 1, '3', 1, NULL, 162, NULL, 'Dossier d\'infractions forestières traité (oui/non)', ''),
(199, 'Mesures correctives et recommandations', 0, 1, '3', 1, NULL, 162, NULL, 'Mesures correctives et recommandations', ''),
(200, 'Existence de dispositifs de contrôle forestier de proximité (oui/non)', 0, 1, '3', 1, NULL, 162, NULL, 'Existence de dispositifs de contrôle forestier de proximité (oui/non)', ''),
(201, 'Dispositifs de contrôle redynamisés (oui/non)', 0, 1, '3', 1, NULL, 162, NULL, 'Dispositifs de contrôle redynamisés (oui/non)', ''),
(202, 'Localité', 1, 1, '3', 1, NULL, NULL, NULL, 'Localité', ''),
(203, 'Chaîne de valeur verte promue', 0, 1, '3', 1, NULL, 202, NULL, 'Chaîne de valeur verte promue', ''),
(204, 'Ressource naturelle mise en jeu', 0, 1, '3', 1, NULL, 202, NULL, 'Ressource naturelle mise en jeu', ''),
(205, 'Existence de certifications vertes (RSE) promues par chaîne de valeur liée aux ressources naturelles (oui/non)', 0, 1, '3', 1, 28, 202, NULL, 'Existence de certifications vertes (RSE) promues par chaîne de valeur liée aux ressources naturelles (oui/non)', ''),
(206, 'Superficie (ha) des ressources gérées en vue de l’exploitation durable', 0, 1, '3', 1, NULL, 202, NULL, 'Superficie (ha) des ressources gérées en vue de l’exploitation durable', ''),
(207, 'Nature du produit (PFNL ou PFL)', 0, 1, '3', 1, NULL, 202, NULL, 'Nature du produit (PFNL ou PFL)', ''),
(208, 'Quantité produite brute (kg)', 0, 1, '3', 1, NULL, 202, NULL, 'Quantité produite brute (kg)', ''),
(209, 'Quantité produite transformée (kg)', 0, 1, '3', 1, NULL, 202, NULL, 'Quantité produite transformée (kg)', ''),
(210, 'Quantité vendue brute (kg)', 0, 1, '3', 1, NULL, 202, NULL, 'Quantité vendue brute (kg)', ''),
(211, 'Quantité vendue transformée (kg)', 0, 1, '3', 1, NULL, 202, NULL, 'Quantité vendue transformée (kg)', ''),
(212, 'Prix unitaire de vente de produit brut (Ar)', 0, 1, '3', 1, NULL, 202, NULL, 'Prix unitaire de vente de produit brut (Ar)', ''),
(213, 'Prix unitaire de vente de produit transformé (Ar)', 0, 1, '3', 1, NULL, 202, NULL, 'Prix unitaire de vente de produit transformé (Ar)', ''),
(214, 'Nombre de ménages bénéficiaires directs', 0, 1, '3', 1, NULL, 202, NULL, 'Nombre de ménages bénéficiaires directs', ''),
(215, 'Nombre de personnes appuyées directement', 0, 1, '3', 1, NULL, 202, NULL, 'Nombre de personnes appuyées directement', ''),
(216, 'Nombre de femmes bénéficiaires directs', 0, 1, '3', 1, NULL, 202, NULL, 'Nombre de femmes bénéficiaires directs', ''),
(217, 'Nombre de jeune bénéficiaires (15 à 24 ans)', 0, 1, '3', 1, NULL, 202, NULL, 'Nombre de jeune bénéficiaires (15 à 24 ans)', ''),
(218, 'Existence de suivis écologiques (oui/non)', 0, 1, '3', 1, NULL, 202, NULL, 'Existence de suivis écologiques (oui/non)', ''),
(219, 'Chaîne de valeur appuyée financièrement et/ou techniquement (oui/non)', 0, 1, '3', 1, NULL, 202, NULL, 'Chaîne de valeur appuyée financièrement et/ou techniquement (oui/non)', ''),
(220, 'Organisme d\'appui', 0, 1, '3', 1, NULL, 202, NULL, 'Organisme d\'appui', ''),
(221, 'Projet', 0, 1, '3', 1, NULL, 202, NULL, 'Projet', ''),
(222, 'Types d\'alternatives développées (charbon vert, résidus de culture, gaz butane, ethanol, énergie solaire, biogaz, sac écologique, autres)', 0, 1, '3', 1, NULL, 202, NULL, 'Types d\'alternatives développées (charbon vert, résidus de culture, gaz butane, ethanol, énergie solaire, biogaz, sac écologique, autres)', ''),
(223, 'Nombre produit', 0, 1, '3', 1, NULL, 202, NULL, 'Nombre produit', ''),
(224, 'Alternative promue (oui/non)', 0, 1, '3', 1, 27, 202, NULL, 'Alternative promue (oui/non)', ''),
(225, 'Nombre de ménage adoptant les alternatives', 0, 1, '3', 1, NULL, 202, NULL, 'Nombre de ménage adoptant les alternatives', ''),
(226, 'Prix unitaire des alternatives (Ariary)', 0, 1, '3', 1, NULL, 202, NULL, 'Prix unitaire des alternatives (Ariary)', ''),
(227, 'Nombre de emplois verts décents créés', 0, 1, '3', 1, NULL, 202, NULL, 'Nombre de emplois verts décents créés', ''),
(228, 'Nombre total d\'empoyés recrutés', 0, 1, '3', 1, NULL, 202, NULL, 'Nombre total d\'empoyés recrutés', ''),
(229, 'Nombre de femme employées', 0, 1, '3', 1, NULL, 202, NULL, 'Nombre de femme employées', ''),
(230, 'Nom de l\'infrastructure de gestion de pollution mis en place', 1, 1, '3', 1, NULL, 230, NULL, 'Nom de l\'infrastructure de gestion de pollution mis en place', ''),
(231, 'Objet de l\'infrastructure de gestion de pollution mis en place (centre de tri, centre de traitement des déchets)', 0, 1, '3', 1, NULL, 230, NULL, 'Objet de l\'infrastructure de gestion de pollution mis en place (centre de tri, centre de traitement des déchets)', ''),
(232, 'Type de déchets traités (solides, médicaux, éléctroniques, liquides…)', 0, 1, '3', 1, NULL, 230, NULL, 'Type de déchets traités (solides, médicaux, éléctroniques, liquides…)', ''),
(233, 'Localité', 0, 1, '3', 1, NULL, 230, NULL, 'Localité', ''),
(234, 'Date de création', 0, 1, '3', 1, NULL, 230, NULL, 'Date de création', ''),
(235, 'Infrastucture de gestion de pollution opérationnelle (oui/non)', 0, 1, '3', 1, NULL, 230, NULL, 'Infrastucture de gestion de pollution opérationnelle (oui/non)', ''),
(236, 'Déchets valorisés par an (kg)', 0, 1, '3', 1, NULL, 230, NULL, 'Déchets valorisés par an (kg)', ''),
(237, 'Disponibilité de kit d\'analyse et de contrôle de pollution (oui/non)', 0, 1, '3', 1, NULL, 230, NULL, 'Disponibilité de kit d\'analyse et de contrôle de pollution (oui/non)', ''),
(238, 'Existence des observatoires de pollution (oui/non)', 0, 1, '3', 1, NULL, 230, NULL, 'Existence des observatoires de pollution (oui/non)', ''),
(239, 'observatoire opérationnel (oui/non)', 0, 1, '3', 1, NULL, 230, NULL, 'observatoire opérationnel (oui/non)', ''),
(240, 'Disponibilité de décharges d\'ordures (oui/non)', 0, 1, '3', 1, NULL, 230, NULL, 'Disponibilité de décharges d\'ordures (oui/non)', ''),
(241, 'Emplacement', 0, 1, '3', 1, NULL, 230, NULL, 'Emplacement', ''),
(242, 'Decharge d\'ordures opérationnelle (oui/non)', 0, 1, '3', 1, NULL, 230, NULL, 'Decharge d\'ordures opérationnelle (oui/non)', ''),
(243, 'Existence de laboratoires nationaux et de centres de recherches renforcés techniquement et matériellement pour le traitement de déchets (oui/non)', 0, 1, '3', 1, NULL, 230, NULL, 'Existence de laboratoires nationaux et de centres de recherches renforcés techniquement et matériellement pour le traitement de déchets (oui/non)', ''),
(244, 'si oui, lequel/lesquels?', 0, 1, '3', 1, NULL, 230, NULL, 'si oui, lequel/lesquels?', ''),
(245, 'Nom du projet d\'investissement', 0, 1, '3', 1, NULL, 230, NULL, 'Nom du projet d\'investissement', ''),
(246, 'Secteur d\'activité', 0, 1, '3', 1, NULL, 230, NULL, 'Secteur d\'activité', ''),
(247, 'Existence de permis environnementaux délivrés (oui/non)', 0, 1, '3', 1, 29, 230, NULL, 'Existence de permis environnementaux délivrés (oui/non)', ''),
(248, 'Projet d\'investissement conforme au Décret MECIE (oui/non)', 0, 1, '3', 1, NULL, 230, NULL, 'Projet d\'investissement conforme au Décret MECIE (oui/non)', ''),
(249, 'Date de quittance', 0, 1, '3', 1, NULL, 230, NULL, 'Date de quittance', ''),
(250, 'Projet d\'investissement ayant un Programme d\'Engagement Environnemental (PREE) (oui/non)', 0, 1, '3', 1, NULL, 230, NULL, 'Projet d\'investissement ayant un Programme d\'Engagement Environnemental (PREE) (oui/non)', ''),
(251, 'Existence de suivi environnemental mené sur la mise en œuvre de cahiers des charges environnementales (oui/non)', 0, 1, '3', 1, NULL, 230, NULL, 'Existence de suivi environnemental mené sur la mise en œuvre de cahiers des charges environnementales (oui/non)', ''),
(252, 'Activités relatives à l\'éducation environnementale réalisées (liste)', 0, 1, '3', 1, NULL, 230, NULL, 'Activités relatives à l\'éducation environnementale réalisées (liste)', ''),
(253, 'Nombre des agents assermentés en tant qu\'OPJ pour les contrôles et inspections environnementales', 0, 1, '3', 1, NULL, 230, NULL, 'Nombre des agents assermentés en tant qu\'OPJ pour les contrôles et inspections environnementales', ''),
(254, 'Localisation de point de feu suivant les points GPS des activités de patrouilles et de contrôle', 1, 1, '3', 1, NULL, NULL, NULL, 'Localisation de point de feu suivant les points GPS des activités de patrouilles et de contrôle', ''),
(255, 'Longitude point de feu (degré décimal) : X', 0, 1, '3', 1, NULL, 254, NULL, 'Longitude (degré décimal) : X', ''),
(256, 'Latitude point de feu (degré décimal) : Y', 0, 1, '3', 1, NULL, 254, NULL, 'Latitude (degré décimal) : Y', ''),
(257, 'Date de cas de feux', 0, 1, '3', 1, NULL, 254, NULL, 'Date de cas de feux', ''),
(258, 'Shapefile des points de feux', 0, 1, '3', 1, NULL, 254, NULL, 'Shapefile des points de feux', ''),
(259, 'Superficie des zones brulées en fonction des suivis des images satellites (ha)', 0, 1, '3', 1, NULL, 254, NULL, 'Superficie des zones brulées en fonction des suivis des images satellites (ha)', ''),
(260, 'Superficie des zones brulées suivant les points GPS des activités de patrouilles et de contrôle sur terrain (ha)', 0, 1, '3', 1, NULL, 254, NULL, 'Superficie des zones brulées suivant les points GPS des activités de patrouilles et de contrôle sur terrain (ha)', ''),
(261, 'Type : Forêt ou hors forêt', 0, 1, '3', 1, NULL, 254, NULL, 'Type : Forêt ou hors forêt', ''),
(262, 'Shapefile des surfaces brûlées', 0, 1, '3', 1, NULL, 254, NULL, 'Shapefile des surfaces brûlées', ''),
(263, 'Longitude surface brulée (degré décimal) : X', 0, 1, '3', 1, NULL, 254, NULL, 'Longitude (degré décimal) : X', ''),
(264, 'Latitude surface brulée (degré décimal) : Y', 0, 1, '3', 1, NULL, 254, NULL, 'Latitude (degré décimal) : Y', ''),
(265, 'Date de zones brûlée', 0, 1, '3', 1, NULL, 254, NULL, 'Date de zones brûlées', ''),
(266, 'Existence de dispositifs de détection et suivi des feux (oui/non)', 0, 1, '3', 1, 35, 254, NULL, 'Existence de dispositifs de détection et suivi des feux (oui/non)', ''),
(267, 'Emplacement', 0, 1, '3', 1, NULL, 254, NULL, 'Emplacement', ''),
(268, 'Nature (créé/renforcé)', 0, 1, '3', 1, NULL, 254, NULL, 'Nature (créé/renforcé)', ''),
(269, 'Opérationnel (oui/non)', 0, 1, '3', 1, 33, 254, NULL, 'Opérationnel (oui/non)', ''),
(270, 'Existence de comités/structures de lutte contre les feux (oui/non)', 0, 1, '3', 1, 34, 254, NULL, 'Existence de comités/structures de lutte contre les feux (oui/non)', ''),
(271, 'Emplacement', 0, 1, '3', 1, NULL, 254, NULL, 'Emplacement', ''),
(272, 'Nature (créé/renforcé)', 0, 1, '3', 1, NULL, 254, NULL, 'Nature (créé/renforcé)', ''),
(273, 'Formé (oui/non)', 0, 1, '3', 1, NULL, 254, NULL, 'Formé (oui/non)', ''),
(274, 'Opérationnel (oui/non)', 0, 1, '3', 1, NULL, 254, NULL, 'Opérationnel (oui/non)', ''),
(275, 'Emplacement du pare-feu (localité)', 0, 1, '3', 1, NULL, 254, NULL, 'Emplacement du pare-feu (localité)', ''),
(276, 'Longitude pare-feu (degré décimal) : X', 0, 1, '3', 1, NULL, 254, NULL, 'Longitude (degré décimal) : X', ''),
(277, 'Latitude pare-feu (degré décimal) : Y', 0, 1, '3', 1, NULL, 254, NULL, 'Latitude (degré décimal) : Y', ''),
(278, 'Longueur de pare-feu établi (km)', 0, 1, '3', 1, NULL, 254, NULL, 'Longueur de pare-feu établi (km)', ''),
(279, 'Shapefile des pare-feux', 0, 1, '3', 1, NULL, 254, NULL, 'Shapefile des pare-feux', ''),
(280, 'Nature (nouvellement mis en place, entretenu)', 0, 1, '3', 1, NULL, 254, NULL, 'Nature (nouvellement mis en place, entretenu)', ''),
(281, 'Communes méritantes (zero feu/diminution des feux) (liste)', 0, 1, '3', 1, NULL, 254, NULL, 'Communes méritantes (zero feu/diminution des feux) (liste)', ''),
(282, 'Communes à encourrager (liste)', 0, 1, '3', 1, NULL, 254, NULL, 'Communes à encourrager (liste)', '');

-- --------------------------------------------------------

--
-- Structure de la table `region`
--

CREATE TABLE `region` (
  `id` bigint(20) NOT NULL,
  `label` text NOT NULL,
  `comment` bigint(20) DEFAULT NULL,
  `province_id` bigint(20) NOT NULL
) ENGINE=InnoDB DEFAULT CHARSET=utf8;

--
-- Déchargement des données de la table `region`
--

INSERT INTO `region` (`id`, `label`, `comment`, `province_id`) VALUES
(1, 'Analamanga', NULL, 1),
(2, 'Bongolava', NULL, 1),
(3, 'ITASY', NULL, 1),
(4, 'VAKINANKARATRA', NULL, 1),
(5, 'DIANA', NULL, 2),
(6, 'SAVA', NULL, 2),
(7, 'AMORON I MANIA', NULL, 3),
(8, 'ATSIMO ATSINANA', NULL, 3),
(9, 'HAUTE MATSIATRA', NULL, 3),
(10, 'IHOROMBE', NULL, 3),
(11, 'VATOVAVY', NULL, 3),
(12, 'FITOVINANY', NULL, 3),
(13, 'BETSIBOKA', NULL, 4),
(14, 'BOENY', NULL, 4),
(15, 'MELAKY', NULL, 4),
(16, 'SOFIA', NULL, 4),
(17, 'ALAOTRA MANGORO', NULL, 5),
(18, 'ANALANJIROFO', NULL, 5),
(19, 'ATSINANANA', NULL, 5),
(20, 'ANDROY', NULL, 6),
(21, 'ANOSY', NULL, 6),
(22, 'ATSIMO ANDREFANA', NULL, 6),
(23, 'MENABE', NULL, 6);

-- --------------------------------------------------------

--
-- Structure de la table `reponse`
--

CREATE TABLE `reponse` (
  `id` bigint(20) NOT NULL,
  `question_id` bigint(20) NOT NULL,
  `user_id` bigint(20) NOT NULL,
  `date` text NOT NULL,
  `link_gps` text DEFAULT NULL,
  `link_photo` text DEFAULT NULL,
  `reponse` text NOT NULL,
  `comment` text DEFAULT NULL
) ENGINE=InnoDB DEFAULT CHARSET=utf8;

--
-- Déchargement des données de la table `reponse`
--

INSERT INTO `reponse` (`id`, `question_id`, `user_id`, `date`, `link_gps`, `link_photo`, `reponse`, `comment`) VALUES
(16384550720175, 1, 16384495743276, '02-12-2021', NULL, NULL, 'Andringitra', NULL),
(16384550722032, 2, 16384495743276, '02-12-2021', NULL, NULL, 'II', NULL),
(16384550724122, 3, 16384495743276, '02-12-2021', NULL, NULL, 'Definitif', NULL),
(16384550725509, 4, 16384495743276, '02-12-2021', NULL, NULL, '231/MEDD/2020 du 15/03/2018', NULL),
(16384550727981, 5, 16384495743276, '02-12-2021', NULL, NULL, 'AP Andringitra', NULL),
(16384550731036, 6, 16384495743276, '02-12-2021', NULL, NULL, 'Terrestre', NULL),
(16384550734452, 7, 16384495743276, '02-12-2021', NULL, NULL, 'non', NULL),
(16384550735670, 9, 16384495743276, '02-12-2021', NULL, NULL, 'MNP', NULL),
(16384550737016, 10, 16384495743276, '02-12-2021', NULL, NULL, '250', NULL),
(16384550738565, 11, 16384495743276, '02-12-2021', NULL, NULL, 'oui', NULL),
(16384550740202, 12, 16384495743276, '02-12-2021', NULL, NULL, '10', NULL),
(16384550741783, 13, 16384495743276, '02-12-2021', NULL, NULL, '10', NULL),
(16384550744645, 14, 16384495743276, '02-12-2021', NULL, NULL, 'oui', NULL),
(16384550746562, 15, 16384495743276, '02-12-2021', NULL, NULL, 'non', NULL),
(16384550748280, 16, 16384495743276, '02-12-2021', NULL, NULL, 'oui', NULL),
(16384550749825, 17, 16384495743276, '02-12-2021', NULL, NULL, 'oui', NULL),
(16384550751448, 18, 16384495743276, '02-12-2021', NULL, NULL, '120000', NULL),
(16384550752907, 19, 16384495743276, '02-12-2021', NULL, NULL, '120000', NULL),
(16384550754332, 20, 16384495743276, '02-12-2021', NULL, NULL, 'oui', NULL),
(16384550755789, 21, 16384495743276, '02-12-2021', NULL, NULL, 'oui', NULL),
(16384550757225, 22, 16384495743276, '02-12-2021', NULL, NULL, 'oui', NULL),
(16384550759006, 23, 16384495743276, '02-12-2021', NULL, NULL, 'AGR, formation', NULL),
(16384550760564, 24, 16384495743276, '02-12-2021', NULL, NULL, 'interne', NULL),
(16384550762007, 26, 16384495743276, '02-12-2021', NULL, NULL, 'oui', NULL),
(16384550763454, 27, 16384495743276, '02-12-2021', NULL, NULL, 'oui', NULL),
(16384550764669, 28, 16384495743276, '02-12-2021', NULL, NULL, 'oui', NULL),
(16384550766122, 29, 16384495743276, '02-12-2021', NULL, NULL, 'oui', NULL),
(16384550767564, 30, 16384495743276, '02-12-2021', NULL, NULL, 'oui', NULL),
(16384550769003, 31, 16384495743276, '02-12-2021', NULL, NULL, 'oui', NULL),
(16384550770562, 32, 16384495743276, '02-12-2021', NULL, NULL, 'oui', NULL),
(16384550772116, 33, 16384495743276, '02-12-2021', NULL, NULL, 'oui', NULL),
(16384550773556, 34, 16384495743276, '02-12-2021', NULL, NULL, 'oui', NULL),
(16384550775069, 35, 16384495743276, '02-12-2021', NULL, NULL, 'oui', NULL),
(16384550776684, 36, 16384495743276, '02-12-2021', NULL, NULL, 'oui', NULL),
(16385255307543, 55, 39, '03-12-2021', NULL, NULL, 'VOIALA Madagasikara', NULL),
(16385255308854, 56, 39, '03-12-2021', NULL, NULL, 'DREDD/CIREDD', NULL),
(16385255310198, 57, 39, '03-12-2021', NULL, NULL, 'HM', NULL),
(16385255311351, 58, 39, '03-12-2021', NULL, NULL, 'VOHIBATO', NULL),
(16385255312697, 59, 39, '03-12-2021', NULL, NULL, 'MANEVA', NULL),
(16385255314019, 60, 39, '03-12-2021', NULL, NULL, 'AMBL', NULL),
(16385255314812, 61, 39, '03-12-2021', NULL, NULL, 'AMBL', NULL),
(16385255315929, 62, 39, '03-12-2021', NULL, NULL, 'DFN', NULL),
(16385255316991, 63, 39, '03-12-2021', NULL, NULL, '47216667', NULL),
(16385255318072, 64, 39, '03-12-2021', NULL, NULL, '20966667', NULL),
(16385255319483, 65, 39, '03-12-2021', NULL, NULL, 'Tovo', NULL),
(16385255320397, 66, 39, '03-12-2021', NULL, NULL, 'Restauration', NULL),
(16385255321820, 67, 39, '03-12-2021', NULL, NULL, 'foret humide', NULL),
(16385255323425, 68, 39, '03-12-2021', NULL, NULL, 'communautaire', NULL),
(16385255324216, 69, 39, '03-12-2021', NULL, NULL, '40ha', NULL),
(16385255325124, 70, 39, '03-12-2021', NULL, NULL, '80 000jeunes plants', NULL),
(16385255325932, 71, 39, '03-12-2021', NULL, NULL, 'acaciam, Bambou', NULL),
(16385255326957, 72, 39, '03-12-2021', NULL, NULL, '1638316800000', NULL),
(16385255328138, 73, 39, '03-12-2021', NULL, NULL, 'voiala', NULL),
(16385255329118, 74, 39, '03-12-2021', NULL, NULL, '40 ha', NULL),
(16385255329942, 75, 39, '03-12-2021', NULL, NULL, 'doc alefa', NULL),
(16385255331203, 24, 39, '03-12-2021', NULL, NULL, 'externe', NULL),
(16385255332084, 25, 39, '03-12-2021', NULL, NULL, 'voiala', NULL),
(16385255332857, 78, 39, '03-12-2021', NULL, NULL, '5KM', NULL),
(16385255333936, 79, 39, '03-12-2021', NULL, NULL, 'Sac a eau; battage', NULL),
(16385255334852, 80, 39, '03-12-2021', NULL, NULL, 'oui', NULL),
(16385255336011, 83, 39, '03-12-2021', NULL, NULL, 'sensibilisation IEC', NULL),
(16385255337433, 84, 39, '03-12-2021', NULL, NULL, 'DEC', NULL),
(16385255338657, 85, 39, '03-12-2021', NULL, NULL, 'Ramanga', NULL),
(16385255339498, 86, 39, '03-12-2021', NULL, NULL, '1617235200000', NULL),
(16385255340616, 99, 39, '03-12-2021', NULL, NULL, 'Aout 2021', NULL),
(16385255342973, 100, 39, '03-12-2021', NULL, NULL, 'oui', NULL),
(16385255344264, 101, 39, '03-12-2021', NULL, NULL, 'xx', NULL),
(16385255345230, 102, 39, '03-12-2021', NULL, NULL, 'yy', NULL),
(16385255346235, 103, 39, '03-12-2021', NULL, NULL, 'communautaire', NULL),
(16385255347736, 104, 39, '03-12-2021', NULL, NULL, 'doc', NULL),
(16385255349071, 105, 39, '03-12-2021', NULL, NULL, 'interne; externe', NULL),
(16385255350556, 106, 39, '03-12-2021', NULL, NULL, 'AVERIKO ONLUS', NULL),
(16385255352188, 107, 39, '03-12-2021', NULL, NULL, 'VOI, fokonolona', NULL),
(16385255353625, 108, 39, '03-12-2021', NULL, NULL, 'H', NULL),
(16385255355131, 109, 39, '03-12-2021', NULL, NULL, '200', NULL),
(16385255356646, 111, 39, '03-12-2021', NULL, NULL, 'bois d\'œuvre,', NULL),
(16385255357539, 112, 39, '03-12-2021', NULL, NULL, '30000', NULL),
(16385255358889, 113, 39, '03-12-2021', NULL, NULL, '30000', NULL),
(16385255359770, 55, 39, '03-12-2021', NULL, NULL, 'VOIALA Madagasikara', NULL),
(16385255360850, 56, 39, '03-12-2021', NULL, NULL, 'DREDD/CIREDD', NULL),
(16385255361871, 57, 39, '03-12-2021', NULL, NULL, 'HM', NULL),
(16385255362981, 58, 39, '03-12-2021', NULL, NULL, 'Lalangina', NULL),
(16385255363831, 59, 39, '03-12-2021', NULL, NULL, 'CRAA', NULL),
(16385255364508, 60, 39, '03-12-2021', NULL, NULL, 'Ialalava', NULL),
(16385255365618, 61, 39, '03-12-2021', NULL, NULL, 'Ialalava', NULL),
(16385255366661, 62, 39, '03-12-2021', NULL, NULL, 'DFN', NULL),
(16385255367999, 63, 39, '03-12-2021', NULL, NULL, '47216667', NULL),
(16385255369846, 64, 39, '03-12-2021', NULL, NULL, '20966667', NULL),
(16385255370656, 65, 39, '03-12-2021', NULL, NULL, 'Andry', NULL),
(16385255371682, 66, 39, '03-12-2021', NULL, NULL, 'Restauration', NULL),
(16385255373167, 67, 39, '03-12-2021', NULL, NULL, 'foret humide', NULL),
(16385255374646, 68, 39, '03-12-2021', NULL, NULL, 'communautaire', NULL),
(16385255375485, 69, 39, '03-12-2021', NULL, NULL, '20ha', NULL),
(16385255376482, 70, 39, '03-12-2021', NULL, NULL, '10 000jeunes plants', NULL),
(16385255377509, 71, 39, '03-12-2021', NULL, NULL, 'acaciam, Bambou', NULL),
(16385255378649, 72, 39, '03-12-2021', NULL, NULL, '1640995200000', NULL),
(16385255379582, 73, 39, '03-12-2021', NULL, NULL, 'voiala', NULL),
(16385255380664, 74, 39, '03-12-2021', NULL, NULL, '20 ha', NULL),
(16385255381819, 75, 39, '03-12-2021', NULL, NULL, 'doc alefa', NULL),
(16385255383151, 24, 39, '03-12-2021', NULL, NULL, 'externe', NULL),
(16385255384487, 25, 39, '03-12-2021', NULL, NULL, 'voiala', NULL),
(16385255385640, 78, 39, '03-12-2021', NULL, NULL, '5KM', NULL),
(16385255386770, 79, 39, '03-12-2021', NULL, NULL, 'Sac a eau; battage', NULL),
(16385255387701, 80, 39, '03-12-2021', NULL, NULL, 'oui', NULL),
(16385255388788, 83, 39, '03-12-2021', NULL, NULL, 'sensibilisation IEC', NULL),
(16385255389884, 84, 39, '03-12-2021', NULL, NULL, 'JANV', NULL),
(16385255391982, 85, 39, '03-12-2021', NULL, NULL, 'ravoavy', NULL),
(16385255393533, 86, 39, '03-12-2021', NULL, NULL, '1619827200000', NULL),
(16385255394446, 99, 39, '03-12-2021', NULL, NULL, '1630454400000', NULL),
(16385255395679, 100, 39, '03-12-2021', NULL, NULL, 'oui', NULL),
(16385255396609, 101, 39, '03-12-2021', NULL, NULL, 'xx', NULL),
(16385255397732, 102, 39, '03-12-2021', NULL, NULL, 'yy', NULL),
(16385255398753, 103, 39, '03-12-2021', NULL, NULL, 'communautaire', NULL),
(16385255399991, 104, 39, '03-12-2021', NULL, NULL, 'doc', NULL),
(16385255403086, 105, 39, '03-12-2021', NULL, NULL, 'interne; externe', NULL),
(16385255404421, 106, 39, '03-12-2021', NULL, NULL, 'AVERIKO ONLUS', NULL),
(16385255405497, 107, 39, '03-12-2021', NULL, NULL, 'VOI, fokonolona', NULL),
(16385255406492, 108, 39, '03-12-2021', NULL, NULL, 'H', NULL),
(16385255407747, 109, 39, '03-12-2021', NULL, NULL, '30', NULL),
(16385255408825, 111, 39, '03-12-2021', NULL, NULL, 'bois d\'œuvre,', NULL),
(16385255409818, 112, 39, '03-12-2021', NULL, NULL, '30000', NULL),
(16385255410886, 113, 39, '03-12-2021', NULL, NULL, '30000', NULL),
(16385255411860, 55, 39, '03-12-2021', NULL, NULL, 'VOIALA Madagasikara', NULL),
(16385255412955, 56, 39, '03-12-2021', NULL, NULL, 'DREDD/CIREDD', NULL),
(16385255415625, 57, 39, '03-12-2021', NULL, NULL, 'HM', NULL),
(16385255416628, 58, 39, '03-12-2021', NULL, NULL, 'Ambalavao', NULL),
(16385255417867, 59, 39, '03-12-2021', NULL, NULL, 'KIRANO', NULL),
(16385255419451, 60, 39, '03-12-2021', NULL, NULL, 'todia', NULL),
(16385255420455, 61, 39, '03-12-2021', NULL, NULL, 'todia', NULL),
(16385255421946, 62, 39, '03-12-2021', NULL, NULL, 'DFN', NULL),
(16385255423056, 63, 39, '03-12-2021', NULL, NULL, '47216667', NULL),
(16385255424063, 64, 39, '03-12-2021', NULL, NULL, '20966667', NULL),
(16385255426162, 65, 39, '03-12-2021', NULL, NULL, 'Sahondra', NULL),
(16385255427262, 66, 39, '03-12-2021', NULL, NULL, 'Energetique', NULL),
(16385255428344, 67, 39, '03-12-2021', NULL, NULL, 'foret humide', NULL),
(16385255429400, 68, 39, '03-12-2021', NULL, NULL, 'communautaire', NULL),
(16385255430838, 69, 39, '03-12-2021', NULL, NULL, '30ha', NULL),
(16385255432168, 70, 39, '03-12-2021', NULL, NULL, '15 000jeunes plants', NULL),
(16385255433313, 71, 39, '03-12-2021', NULL, NULL, 'acaciam, Bambou', NULL),
(16385255434245, 72, 39, '03-12-2021', NULL, NULL, '1643673600000', NULL),
(16385255435484, 73, 39, '03-12-2021', NULL, NULL, 'voiala', NULL),
(16385255436925, 74, 39, '03-12-2021', NULL, NULL, '30ha', NULL),
(16385255438135, 75, 39, '03-12-2021', NULL, NULL, 'doc alefa', NULL),
(16385255439177, 24, 39, '03-12-2021', NULL, NULL, 'externe', NULL),
(16385255440544, 25, 39, '03-12-2021', NULL, NULL, 'voiala', NULL),
(16385255441877, 78, 39, '03-12-2021', NULL, NULL, '5KM', NULL),
(16385255443699, 79, 39, '03-12-2021', NULL, NULL, 'Sac a eau; battage', NULL),
(16385255444870, 80, 39, '03-12-2021', NULL, NULL, 'oui', NULL),
(16385255446034, 83, 39, '03-12-2021', NULL, NULL, 'sensibilisation IEC', NULL),
(16385255447457, 84, 39, '03-12-2021', NULL, NULL, 'FÉVR', NULL),
(16385255449011, 85, 39, '03-12-2021', NULL, NULL, 'leon', NULL),
(16385255450095, 86, 39, '03-12-2021', NULL, NULL, '1622505600000', NULL),
(16385255451097, 99, 39, '03-12-2021', NULL, NULL, '1696118400000', NULL),
(16385255452019, 100, 39, '03-12-2021', NULL, NULL, 'oui', NULL),
(16385255453106, 101, 39, '03-12-2021', NULL, NULL, 'xx', NULL),
(16385255454246, 102, 39, '03-12-2021', NULL, NULL, 'yy', NULL),
(16385255455344, 103, 39, '03-12-2021', NULL, NULL, 'communautaire', NULL),
(16385255457420, 104, 39, '03-12-2021', NULL, NULL, 'doc', NULL),
(16385255458564, 105, 39, '03-12-2021', NULL, NULL, 'interne; externe', NULL),
(16385255459816, 106, 39, '03-12-2021', NULL, NULL, 'AVERIKO ONLUS', NULL),
(16385255460741, 107, 39, '03-12-2021', NULL, NULL, 'VOI, fokonolona', NULL),
(16385255461783, 108, 39, '03-12-2021', NULL, NULL, 'H', NULL),
(16385255462572, 109, 39, '03-12-2021', NULL, NULL, '100', NULL),
(16385255463964, 111, 39, '03-12-2021', NULL, NULL, 'bois d\'œuvre,', NULL),
(16385255464893, 112, 39, '03-12-2021', NULL, NULL, '30000', NULL),
(16385255465966, 113, 39, '03-12-2021', NULL, NULL, '30000', NULL),
(16385319647055, 55, 16384503812310, '03-12-2021', NULL, NULL, 'ADRA FIOVANA', NULL),
(16385319651418, 56, 16384503812310, '03-12-2021', NULL, NULL, 'DREDD /CIREDD', NULL),
(16385319652427, 57, 16384503812310, '03-12-2021', NULL, NULL, 'VATOVAVY FITOVINANY', NULL),
(16385319655088, 58, 16384503812310, '03-12-2021', NULL, NULL, 'Manakara', NULL),
(16385319657077, 59, 16384503812310, '03-12-2021', NULL, NULL, 'VOHIMASINA', NULL),
(16385319657981, 60, 16384503812310, '03-12-2021', NULL, NULL, 'ANDROTSY', NULL),
(16385319659635, 62, 16384503812310, '03-12-2021', NULL, NULL, 'DFN', NULL),
(16385319660419, 63, 16384503812310, '03-12-2021', NULL, NULL, '48.174107399214', NULL),
(16385319661317, 64, 16384503812310, '03-12-2021', NULL, NULL, '-21.743636438914', NULL),
(16385319662315, 65, 16384503812310, '03-12-2021', NULL, NULL, 'DREDD', NULL),
(16385319665744, 66, 16384503812310, '03-12-2021', NULL, NULL, 'culture de rente', NULL),
(16385319667637, 67, 16384503812310, '03-12-2021', NULL, NULL, 'foret humide', NULL),
(16385319669301, 68, 16384503812310, '03-12-2021', NULL, NULL, 'communautaire', NULL),
(16385319671200, 70, 16384503812310, '03-12-2021', NULL, NULL, '2000', NULL),
(16385319672197, 71, 16384503812310, '03-12-2021', NULL, NULL, 'BAMBOU', NULL),
(16385319674866, 72, 16384503812310, '03-12-2021', NULL, NULL, '1636675200000', NULL),
(16385319675633, 74, 16384503812310, '03-12-2021', NULL, NULL, '15', NULL),
(16385319676427, 75, 16384503812310, '03-12-2021', NULL, NULL, 'shp', NULL),
(16385319678089, 24, 16384503812310, '03-12-2021', NULL, NULL, 'externe', NULL),
(16385319680098, 78, 16384503812310, '03-12-2021', NULL, NULL, '10', NULL),
(16385319683643, 79, 16384503812310, '03-12-2021', NULL, NULL, 'Sac à eau, battage', NULL),
(16385319689075, 80, 16384503812310, '03-12-2021', NULL, NULL, 'oui', NULL),
(16385319692199, 83, 16384503812310, '03-12-2021', NULL, NULL, 'sensibilisation', NULL),
(16385319695632, 84, 16384503812310, '03-12-2021', NULL, NULL, '1631404800000', NULL),
(16385319696422, 95, 16384503812310, '03-12-2021', NULL, NULL, '1633996800000', NULL),
(16385319698301, 103, 16384503812310, '03-12-2021', NULL, NULL, 'oui', NULL),
(16385319700632, 104, 16384503812310, '03-12-2021', NULL, NULL, 'shp', NULL),
(16385319701641, 105, 16384503812310, '03-12-2021', NULL, NULL, 'interne', NULL),
(16385319705648, 107, 16384503812310, '03-12-2021', NULL, NULL, 'rakoto', NULL),
(16385319706642, 108, 16384503812310, '03-12-2021', NULL, NULL, 'H', NULL),
(16385319708199, 55, 16384503812310, '03-12-2021', NULL, NULL, 'FID', NULL),
(16385319708970, 56, 16384503812310, '03-12-2021', NULL, NULL, 'DREDD /CIREDD', NULL),
(16385319709963, 57, 16384503812310, '03-12-2021', NULL, NULL, 'VATOVAVY FITOVINANY', NULL),
(16385319713647, 58, 16384503812310, '03-12-2021', NULL, NULL, 'Manakara', NULL),
(16385319718850, 59, 16384503812310, '03-12-2021', NULL, NULL, 'Mahabako', NULL),
(16385319720529, 60, 16384503812310, '03-12-2021', NULL, NULL, 'Andemaka', NULL),
(16385319721531, 62, 16384503812310, '03-12-2021', NULL, NULL, 'TERRAIN PRIVE', NULL),
(16385319724088, 63, 16384503812310, '03-12-2021', NULL, NULL, '48.174107399214', NULL),
(16385319724861, 64, 16384503812310, '03-12-2021', NULL, NULL, '-21.743636438914', NULL),
(16385319729741, 65, 16384503812310, '03-12-2021', NULL, NULL, 'DREDD', NULL),
(16385319730525, 66, 16384503812310, '03-12-2021', NULL, NULL, 'culture de rente', NULL),
(16385319732193, 67, 16384503812310, '03-12-2021', NULL, NULL, 'foret humide', NULL),
(16385319733071, 68, 16384503812310, '03-12-2021', NULL, NULL, 'communautaire', NULL),
(16385319733863, 70, 16384503812310, '03-12-2021', NULL, NULL, '2000', NULL),
(16385319736196, 71, 16384503812310, '03-12-2021', NULL, NULL, 'BAMBOU', NULL),
(16385319738309, 72, 16384503812310, '03-12-2021', NULL, NULL, '1636761600000', NULL),
(16385319739318, 74, 16384503812310, '03-12-2021', NULL, NULL, '50', NULL),
(16385319742416, 75, 16384503812310, '03-12-2021', NULL, NULL, 'shp', NULL),
(16385319743311, 24, 16384503812310, '03-12-2021', NULL, NULL, 'externe', NULL),
(16385319744191, 78, 16384503812310, '03-12-2021', NULL, NULL, '11', NULL),
(16385319746636, 79, 16384503812310, '03-12-2021', NULL, NULL, 'Sac à eau, battage', NULL),
(16385319747419, 80, 16384503812310, '03-12-2021', NULL, NULL, 'oui', NULL),
(16385319751093, 83, 16384503812310, '03-12-2021', NULL, NULL, 'sensibilisation', NULL),
(16385319753545, 84, 16384503812310, '03-12-2021', NULL, NULL, '1631491200000', NULL),
(16385319754646, 95, 16384503812310, '03-12-2021', NULL, NULL, '1634083200000', NULL),
(16385319756427, 103, 16384503812310, '03-12-2021', NULL, NULL, 'oui', NULL),
(16385319757310, 104, 16384503812310, '03-12-2021', NULL, NULL, 'shp', NULL),
(16385319758207, 105, 16384503812310, '03-12-2021', NULL, NULL, 'interne', NULL),
(16385319761521, 107, 16384503812310, '03-12-2021', NULL, NULL, 'rakoto', NULL),
(16385319762420, 108, 16384503812310, '03-12-2021', NULL, NULL, 'H', NULL),
(16385319763548, 55, 16384503812310, '03-12-2021', NULL, NULL, 'ADRA FIOVANA', NULL),
(16385319767985, 56, 16384503812310, '03-12-2021', NULL, NULL, 'DREDD /CIREDD', NULL),
(16385319769093, 57, 16384503812310, '03-12-2021', NULL, NULL, 'VATOVAVY FITOVINANY', NULL),
(16385319771761, 58, 16384503812310, '03-12-2021', NULL, NULL, 'Manakara', NULL),
(16385319772977, 59, 16384503812310, '03-12-2021', NULL, NULL, 'VOHIMASINA', NULL),
(16385319773988, 60, 16384503812310, '03-12-2021', NULL, NULL, 'ANDROTSY', NULL),
(16385319776420, 62, 16384503812310, '03-12-2021', NULL, NULL, 'TERRAIN PRIVE', NULL),
(16385319777302, 63, 16384503812310, '03-12-2021', NULL, NULL, '48.174107399214', NULL),
(16385319778093, 64, 16384503812310, '03-12-2021', NULL, NULL, '-21.743636438914', NULL),
(16385319778873, 65, 16384503812310, '03-12-2021', NULL, NULL, 'DREDD', NULL),
(16385319780857, 66, 16384503812310, '03-12-2021', NULL, NULL, 'culture de rente', NULL),
(16385319783208, 67, 16384503812310, '03-12-2021', NULL, NULL, 'foret humide', NULL),
(16385319785753, 68, 16384503812310, '03-12-2021', NULL, NULL, 'communautaire', NULL),
(16385319788869, 70, 16384503812310, '03-12-2021', NULL, NULL, '2000', NULL),
(16385319790865, 71, 16384503812310, '03-12-2021', NULL, NULL, 'BAMBOU', NULL),
(16385319791755, 72, 16384503812310, '03-12-2021', NULL, NULL, '1636848000000', NULL),
(16385319797095, 74, 16384503812310, '03-12-2021', NULL, NULL, '100', NULL),
(16385319799194, 75, 16384503812310, '03-12-2021', NULL, NULL, 'shp', NULL),
(16385319801098, 24, 16384503812310, '03-12-2021', NULL, NULL, 'externe', NULL),
(16385319801961, 78, 16384503812310, '03-12-2021', NULL, NULL, '10', NULL),
(16385319802975, 79, 16384503812310, '03-12-2021', NULL, NULL, 'Sac à eau, battage', NULL),
(16385319803742, 80, 16384503812310, '03-12-2021', NULL, NULL, 'oui', NULL),
(16385319805751, 83, 16384503812310, '03-12-2021', NULL, NULL, 'sensibilisation', NULL),
(16385319806643, 84, 16384503812310, '03-12-2021', NULL, NULL, '1631404800000', NULL),
(16385319807520, 85, 16384503812310, '03-12-2021', NULL, NULL, 'FID', NULL),
(16385319808317, 95, 16384503812310, '03-12-2021', NULL, NULL, '1634169600000', NULL),
(16385319809539, 103, 16384503812310, '03-12-2021', NULL, NULL, 'oui', NULL),
(16385319811420, 104, 16384503812310, '03-12-2021', NULL, NULL, 'shp', NULL),
(16385319813309, 105, 16384503812310, '03-12-2021', NULL, NULL, 'interne', NULL),
(16385319814971, 107, 16384503812310, '03-12-2021', NULL, NULL, 'KOTO', NULL),
(16385319817096, 108, 16384503812310, '03-12-2021', NULL, NULL, 'H', NULL),
(16385354006131, 55, 51, '03-12-2021', NULL, NULL, 'MEDD', NULL),
(16385354007507, 56, 51, '03-12-2021', NULL, NULL, 'DREDD', NULL),
(16385354009199, 57, 51, '03-12-2021', NULL, NULL, 'V7V', NULL),
(16385354011473, 58, 51, '03-12-2021', NULL, NULL, 'MANAKARA', NULL),
(16385354016475, 59, 51, '03-12-2021', NULL, NULL, 'AMBAHIVE', NULL),
(16385354018044, 60, 51, '03-12-2021', NULL, NULL, 'Abazaza', NULL),
(16385354019702, 61, 51, '03-12-2021', NULL, NULL, 'Belolo', NULL),
(16385354021469, 62, 51, '03-12-2021', NULL, NULL, 'Domainiale', NULL),
(16385354022959, 65, 51, '03-12-2021', NULL, NULL, 'Bénéficiaire ACT-P', NULL),
(16385354024816, 66, 51, '03-12-2021', NULL, NULL, 'bois d\'œuvre', NULL),
(16385354026721, 67, 51, '03-12-2021', NULL, NULL, 'terrestre', NULL),
(16385354028239, 68, 51, '03-12-2021', NULL, NULL, 'participative', NULL),
(16385354029763, 69, 51, '03-12-2021', NULL, NULL, '5', NULL),
(16385354031563, 70, 51, '03-12-2021', NULL, NULL, '3500', NULL),
(16385354032930, 71, 51, '03-12-2021', NULL, NULL, 'Cannelle', NULL),
(16385354034605, 72, 51, '03-12-2021', NULL, NULL, '1609804800000', NULL),
(16385354036213, 73, 51, '03-12-2021', NULL, NULL, 'Bekatra', NULL),
(16385354038234, 74, 51, '03-12-2021', NULL, NULL, '3.2', NULL),
(16385354039919, 24, 51, '03-12-2021', NULL, NULL, 'externe', NULL),
(16385354041456, 25, 51, '03-12-2021', NULL, NULL, 'Projet', NULL),
(16385354043066, 78, 51, '03-12-2021', NULL, NULL, '2.2', NULL),
(16385354044806, 79, 51, '03-12-2021', NULL, NULL, 'non', NULL),
(16385354046637, 80, 51, '03-12-2021', NULL, NULL, 'non', NULL),
(16385354048448, 81, 51, '03-12-2021', NULL, NULL, '0.5', NULL),
(16385354049918, 83, 51, '03-12-2021', NULL, NULL, 'Mise en place de ligne de pare feu', NULL),
(16385354051523, 84, 51, '03-12-2021', NULL, NULL, '1609804800000', NULL),
(16385354054179, 85, 51, '03-12-2021', NULL, NULL, 'Rakoto', NULL),
(16385354056010, 86, 51, '03-12-2021', NULL, NULL, '15', NULL),
(16385354057852, 87, 51, '03-12-2021', NULL, NULL, '1613433600000', NULL),
(16385354059452, 89, 51, '03-12-2021', NULL, NULL, '1614643200000', NULL),
(16385354061143, 90, 51, '03-12-2021', NULL, NULL, 'oui', NULL),
(16385354062884, 91, 51, '03-12-2021', NULL, NULL, '23/008/21', NULL),
(16385354064836, 92, 51, '03-12-2021', NULL, NULL, 'population locale', NULL),
(16385354066329, 99, 51, '03-12-2021', NULL, NULL, '1632960000000', NULL),
(16385354067890, 100, 51, '03-12-2021', NULL, NULL, 'non', NULL),
(16385354069334, 103, 51, '03-12-2021', NULL, NULL, 'non', NULL),
(16385354071045, 105, 51, '03-12-2021', NULL, NULL, 'externe', NULL),
(16385354072650, 107, 51, '03-12-2021', NULL, NULL, 'BAOVOLA', NULL),
(16385354074079, 108, 51, '03-12-2021', NULL, NULL, 'H', NULL),
(16385354075761, 111, 51, '03-12-2021', NULL, NULL, 'Girofle', NULL),
(16385354077673, 112, 51, '03-12-2021', NULL, NULL, '15000', NULL),
(16385354079869, 113, 51, '03-12-2021', NULL, NULL, '6000', NULL),
(16385354081567, 55, 51, '03-12-2021', NULL, NULL, 'CI', NULL),
(16385354083284, 56, 51, '03-12-2021', NULL, NULL, 'DREDD', NULL),
(16385354084668, 57, 51, '03-12-2021', NULL, NULL, 'V7V', NULL),
(16385354086307, 58, 51, '03-12-2021', NULL, NULL, 'MANAKARA', NULL),
(16385354087981, 59, 51, '03-12-2021', NULL, NULL, 'Savana', NULL),
(16385354090189, 60, 51, '03-12-2021', NULL, NULL, 'Savana', NULL),
(16385354091659, 61, 51, '03-12-2021', NULL, NULL, 'tanambao', NULL),
(16385354093761, 62, 51, '03-12-2021', NULL, NULL, 'Domainiale', NULL),
(16385354095407, 65, 51, '03-12-2021', NULL, NULL, 'GN', NULL),
(16385354097332, 66, 51, '03-12-2021', NULL, NULL, 'Energetique', NULL),
(16385354098857, 67, 51, '03-12-2021', NULL, NULL, 'terrestre', NULL),
(16385354101396, 68, 51, '03-12-2021', NULL, NULL, 'participative', NULL),
(16385354102877, 69, 51, '03-12-2021', NULL, NULL, '12', NULL),
(16385354104401, 70, 51, '03-12-2021', NULL, NULL, '15000', NULL),
(16385354106030, 71, 51, '03-12-2021', NULL, NULL, 'Acacia', NULL),
(16385354107634, 72, 51, '03-12-2021', NULL, NULL, '1616025600000', NULL),
(16385354109079, 73, 51, '03-12-2021', NULL, NULL, 'Vohipeno', NULL),
(16385354110733, 74, 51, '03-12-2021', NULL, NULL, '10', NULL),
(16385354112309, 24, 51, '03-12-2021', NULL, NULL, 'interne', NULL),
(16385354114058, 78, 51, '03-12-2021', NULL, NULL, '6.5', NULL),
(16385354115392, 79, 51, '03-12-2021', NULL, NULL, 'non', NULL),
(16385354116946, 80, 51, '03-12-2021', NULL, NULL, 'non', NULL),
(16385354118834, 81, 51, '03-12-2021', NULL, NULL, '0.3', NULL),
(16385354120910, 83, 51, '03-12-2021', NULL, NULL, 'Mise en place de ligne de pare feu', NULL),
(16385354122493, 84, 51, '03-12-2021', NULL, NULL, '1629158400000', NULL),
(16385354124262, 85, 51, '03-12-2021', NULL, NULL, 'MAMY', NULL),
(16385354126129, 86, 51, '03-12-2021', NULL, NULL, '12', NULL),
(16385354127709, 87, 51, '03-12-2021', NULL, NULL, '1623456000000', NULL),
(16385354129239, 89, 51, '03-12-2021', NULL, NULL, '1623456000000', NULL),
(16385354131036, 90, 51, '03-12-2021', NULL, NULL, 'NON', NULL),
(16385354132677, 55, 51, '03-12-2021', NULL, NULL, 'WWF', NULL),
(16385354134582, 56, 51, '03-12-2021', NULL, NULL, 'DREDD', NULL),
(16385354136495, 57, 51, '03-12-2021', NULL, NULL, 'V7V', NULL),
(16385354138132, 58, 51, '03-12-2021', NULL, NULL, 'MANAKARA', NULL),
(16385354139692, 59, 51, '03-12-2021', NULL, NULL, 'Kelilalina', NULL),
(16385354141023, 60, 51, '03-12-2021', NULL, NULL, 'Tanambao', NULL),
(16385354143772, 61, 51, '03-12-2021', NULL, NULL, 'masoandro', NULL),
(16385354146449, 62, 51, '03-12-2021', NULL, NULL, 'Domainiale', NULL),
(16385354149757, 65, 51, '03-12-2021', NULL, NULL, 'GN', NULL),
(16385354151115, 66, 51, '03-12-2021', NULL, NULL, 'Energetique', NULL),
(16385354152656, 67, 51, '03-12-2021', NULL, NULL, 'terrestre', NULL),
(16385354154183, 68, 51, '03-12-2021', NULL, NULL, 'participative', NULL),
(16385354155624, 69, 51, '03-12-2021', NULL, NULL, '12', NULL),
(16385354157177, 70, 51, '03-12-2021', NULL, NULL, '15000', NULL),
(16385354158500, 71, 51, '03-12-2021', NULL, NULL, 'Acacia', NULL),
(16385354160066, 72, 51, '03-12-2021', NULL, NULL, '1616025600000', NULL),
(16385354161601, 73, 51, '03-12-2021', NULL, NULL, 'Vohipeno', NULL),
(16385354163286, 74, 51, '03-12-2021', NULL, NULL, '10', NULL),
(16385354164638, 24, 51, '03-12-2021', NULL, NULL, 'interne', NULL),
(16385354166183, 78, 51, '03-12-2021', NULL, NULL, '6.5', NULL),
(16385354167967, 79, 51, '03-12-2021', NULL, NULL, 'non', NULL),
(16385354169817, 80, 51, '03-12-2021', NULL, NULL, 'non', NULL),
(16385354171272, 81, 51, '03-12-2021', NULL, NULL, '0.3', NULL),
(16385354172715, 83, 51, '03-12-2021', NULL, NULL, 'Mise en place de ligne de pare feu', NULL),
(16385354174252, 84, 51, '03-12-2021', NULL, NULL, '1629158400000', NULL),
(16385354175703, 85, 51, '03-12-2021', NULL, NULL, 'MAMY', NULL),
(16385354177145, 86, 51, '03-12-2021', NULL, NULL, '12', NULL),
(16385354178926, 87, 51, '03-12-2021', NULL, NULL, '1623456000000', NULL),
(16385354180273, 89, 51, '03-12-2021', NULL, NULL, '1623456000000', NULL),
(16385354181582, 90, 51, '03-12-2021', NULL, NULL, 'NON', NULL),
(16385354182935, 55, 51, '03-12-2021', NULL, NULL, 'PLAE', NULL),
(16385354184607, 56, 51, '03-12-2021', NULL, NULL, 'DREDD', NULL),
(16385354186159, 57, 51, '03-12-2021', NULL, NULL, 'V7V', NULL),
(16385354188147, 58, 51, '03-12-2021', NULL, NULL, 'MANAKARA', NULL),
(16385354191792, 59, 51, '03-12-2021', NULL, NULL, 'Alakamisy', NULL),
(16385354194473, 60, 51, '03-12-2021', NULL, NULL, 'Ambohima', NULL),
(16385354196135, 61, 51, '03-12-2021', NULL, NULL, 'andaka', NULL),
(16385354197802, 62, 51, '03-12-2021', NULL, NULL, 'DFN', NULL),
(16385354199477, 63, 51, '03-12-2021', NULL, NULL, 'XX', NULL),
(16385354201105, 64, 51, '03-12-2021', NULL, NULL, 'YY', NULL),
(16385354202777, 65, 51, '03-12-2021', NULL, NULL, 'HERY', NULL),
(16385354204248, 66, 51, '03-12-2021', NULL, NULL, 'Restauration', NULL),
(16385354205786, 67, 51, '03-12-2021', NULL, NULL, 'forêt humide', NULL),
(16385354207352, 68, 51, '03-12-2021', NULL, NULL, 'communautaire', NULL),
(16385354208904, 69, 51, '03-12-2021', NULL, NULL, '100000', NULL),
(16385354210570, 70, 51, '03-12-2021', NULL, NULL, '2000000', NULL),
(16385354212372, 71, 51, '03-12-2021', NULL, NULL, 'Vopaka, Harina', NULL),
(16385354214225, 72, 51, '03-12-2021', NULL, NULL, '1611100800000', NULL),
(16385354216220, 73, 51, '03-12-2021', NULL, NULL, 'PLAE', NULL),
(16385354217898, 74, 51, '03-12-2021', NULL, NULL, '2500', NULL),
(16385354219322, 75, 51, '03-12-2021', NULL, NULL, 'Shap,reb', NULL),
(16385354220885, 24, 51, '03-12-2021', NULL, NULL, 'externe', NULL),
(16385354222660, 25, 51, '03-12-2021', NULL, NULL, 'plae', NULL),
(16385354224202, 78, 51, '03-12-2021', NULL, NULL, '7', NULL),
(16385354225543, 79, 51, '03-12-2021', NULL, NULL, 'sac à eau', NULL),
(16385354227415, 80, 51, '03-12-2021', NULL, NULL, 'oui', NULL),
(16385354229090, 83, 51, '03-12-2021', NULL, NULL, 'sensibilisation', NULL),
(16385354230854, 84, 51, '03-12-2021', NULL, NULL, '1633824000000', NULL),
(16385354232544, 85, 51, '03-12-2021', NULL, NULL, 'CEF', NULL),
(16385354234190, 99, 51, '03-12-2021', NULL, NULL, '1628726400000', NULL),
(16385354235868, 100, 51, '03-12-2021', NULL, NULL, 'oui', NULL),
(16385354237271, 101, 51, '03-12-2021', NULL, NULL, 'xx', NULL),
(16385354240887, 102, 51, '03-12-2021', NULL, NULL, 'yy', NULL),
(16385354244445, 103, 51, '03-12-2021', NULL, NULL, 'oui', NULL),
(16385354247308, 104, 51, '03-12-2021', NULL, NULL, 'shp,PEP', NULL),
(16385354249062, 105, 51, '03-12-2021', NULL, NULL, 'externe, interne', NULL),
(16385354250711, 106, 51, '03-12-2021', NULL, NULL, 'KFW…ou Volobe', NULL),
(16385354252280, 107, 51, '03-12-2021', NULL, NULL, 'FOKONOLONA', NULL),
(16385354254289, 109, 51, '03-12-2021', NULL, NULL, '12', NULL),
(16385354256050, 110, 51, '03-12-2021', NULL, NULL, '5', NULL),
(16385354258024, 111, 51, '03-12-2021', NULL, NULL, 'Harina', NULL),
(16385354259279, 112, 51, '03-12-2021', NULL, NULL, '50000', NULL),
(16385354260820, 113, 51, '03-12-2021', NULL, NULL, '25000', NULL),
(16385354262676, 55, 51, '03-12-2021', NULL, NULL, 'PNUD', NULL),
(16385354264267, 56, 51, '03-12-2021', NULL, NULL, 'DREDD', NULL),
(16385354265806, 57, 51, '03-12-2021', NULL, NULL, 'V7V', NULL),
(16385354267237, 58, 51, '03-12-2021', NULL, NULL, 'MANAKARA', NULL),
(16385354268902, 59, 51, '03-12-2021', NULL, NULL, 'Tsienipary', NULL),
(16385354270581, 60, 51, '03-12-2021', NULL, NULL, 'Tsarasaotra', NULL),
(16385354272230, 61, 51, '03-12-2021', NULL, NULL, 'mateza', NULL),
(16385354273915, 62, 51, '03-12-2021', NULL, NULL, 'DFN', NULL),
(16385354275680, 63, 51, '03-12-2021', NULL, NULL, 'XX', NULL),
(16385354277352, 64, 51, '03-12-2021', NULL, NULL, 'YY', NULL),
(16385354278890, 65, 51, '03-12-2021', NULL, NULL, 'HERY', NULL),
(16385354280579, 66, 51, '03-12-2021', NULL, NULL, 'Restauration', NULL),
(16385354282223, 67, 51, '03-12-2021', NULL, NULL, 'forêt humide', NULL),
(16385354284232, 68, 51, '03-12-2021', NULL, NULL, 'communautaire', NULL),
(16385354285889, 69, 51, '03-12-2021', NULL, NULL, '100000', NULL),
(16385354287310, 70, 51, '03-12-2021', NULL, NULL, '2000000', NULL),
(16385354288975, 71, 51, '03-12-2021', NULL, NULL, 'Vopaka, Harina', NULL),
(16385354290539, 72, 51, '03-12-2021', NULL, NULL, '1611100800000', NULL),
(16385354292207, 73, 51, '03-12-2021', NULL, NULL, 'PLAE', NULL),
(16385354293840, 74, 51, '03-12-2021', NULL, NULL, '2500', NULL),
(16385354295301, 75, 51, '03-12-2021', NULL, NULL, 'Shap,reb', NULL),
(16385354297613, 24, 51, '03-12-2021', NULL, NULL, 'externe', NULL),
(16385354299296, 25, 51, '03-12-2021', NULL, NULL, 'plae', NULL),
(16385354301515, 78, 51, '03-12-2021', NULL, NULL, '7', NULL),
(16385354303271, 79, 51, '03-12-2021', NULL, NULL, 'sac à eau', NULL),
(16385354305059, 80, 51, '03-12-2021', NULL, NULL, 'oui', NULL),
(16385354306724, 83, 51, '03-12-2021', NULL, NULL, 'sensibilisation', NULL),
(16385354308290, 84, 51, '03-12-2021', NULL, NULL, '1633824000000', NULL),
(16385354309812, 85, 51, '03-12-2021', NULL, NULL, 'CEF', NULL),
(16385354311384, 99, 51, '03-12-2021', NULL, NULL, '1628726400000', NULL),
(16385354312722, 100, 51, '03-12-2021', NULL, NULL, 'oui', NULL),
(16385354314500, 101, 51, '03-12-2021', NULL, NULL, 'xx', NULL),
(16385354315938, 102, 51, '03-12-2021', NULL, NULL, 'yy', NULL),
(16385354317382, 103, 51, '03-12-2021', NULL, NULL, 'oui', NULL),
(16385354319694, 104, 51, '03-12-2021', NULL, NULL, 'shp,PEP', NULL),
(16385354321379, 105, 51, '03-12-2021', NULL, NULL, 'externe, interne', NULL),
(16385354322813, 106, 51, '03-12-2021', NULL, NULL, 'KFW…ou Volobe', NULL),
(16385354324927, 107, 51, '03-12-2021', NULL, NULL, 'FOKONOLONA', NULL),
(16385354326368, 109, 51, '03-12-2021', NULL, NULL, '12', NULL),
(16385354328072, 110, 51, '03-12-2021', NULL, NULL, '5', NULL),
(16385354329693, 111, 51, '03-12-2021', NULL, NULL, 'Harina', NULL),
(16385354331053, 112, 51, '03-12-2021', NULL, NULL, '50000', NULL),
(16385354332722, 113, 51, '03-12-2021', NULL, NULL, '25000', NULL),
(16385373597290, 55, 39, '03-12-2021', NULL, NULL, 'MEDD', NULL),
(16385373597482, 56, 39, '03-12-2021', NULL, NULL, 'DREDD', NULL),
(16385373597557, 57, 39, '03-12-2021', NULL, NULL, 'Analamanga', NULL),
(16385373597809, 58, 39, '03-12-2021', NULL, NULL, 'Ankazobe', NULL),
(16385373597932, 61, 39, '03-12-2021', NULL, NULL, 'xx', NULL),
(16385373598009, 62, 39, '03-12-2021', NULL, NULL, 'titré', NULL),
(16385373598260, 63, 39, '03-12-2021', NULL, NULL, '126115', NULL),
(16385373598325, 64, 39, '03-12-2021', NULL, NULL, '15612', NULL),
(16385373598389, 65, 39, '03-12-2021', NULL, NULL, 'RPSE', NULL),
(16385373598574, 67, 39, '03-12-2021', NULL, NULL, 'forêt sèche', NULL),
(16385373598631, 70, 39, '03-12-2021', NULL, NULL, '23', NULL),
(16385373598761, 72, 39, '03-12-2021', NULL, NULL, '1637452800000', NULL),
(16385373598941, 74, 39, '03-12-2021', NULL, NULL, '250', NULL),
(16385373599017, 24, 39, '03-12-2021', NULL, NULL, 'GIZ', NULL),
(16389683804876, 55, 39, '08-12-2021', NULL, NULL, 'Graine de vie', NULL),
(16389683804980, 56, 39, '08-12-2021', NULL, NULL, 'DREDD', NULL),
(16389683805092, 57, 39, '08-12-2021', NULL, NULL, 'Analanjirofo', NULL),
(16389683805195, 58, 39, '08-12-2021', NULL, NULL, 'Fenerive', NULL),
(16389683805288, 59, 39, '08-12-2021', NULL, NULL, 'Ampasina', NULL),
(16389683805384, 60, 39, '08-12-2021', NULL, NULL, 'Sahavola', NULL),
(16389683805469, 62, 39, '08-12-2021', NULL, NULL, 'DFN', NULL),
(16389683805620, 65, 39, '08-12-2021', NULL, NULL, 'COBA', NULL),
(16389683805767, 66, 39, '08-12-2021', NULL, NULL, 'Restauration', NULL),
(16389683805840, 67, 39, '08-12-2021', NULL, NULL, 'Forêt humide', NULL),
(16389683805936, 69, 39, '08-12-2021', NULL, NULL, '250', NULL),
(16389683806022, 70, 39, '08-12-2021', NULL, NULL, '560', NULL),
(16389683806104, 71, 39, '08-12-2021', NULL, NULL, 'Palissandre', NULL),
(16389683806195, 72, 39, '08-12-2021', NULL, NULL, '1607731200000', NULL),
(16389683806286, 73, 39, '08-12-2021', NULL, NULL, 'Pépinière', NULL),
(16389683806379, 74, 39, '08-12-2021', NULL, NULL, '200', NULL),
(16389683806455, 75, 39, '08-12-2021', NULL, NULL, 'regions', NULL),
(16389683806522, 24, 39, '08-12-2021', NULL, NULL, 'externe', NULL),
(16389683806617, 25, 39, '08-12-2021', NULL, NULL, 'PACARC', NULL),
(16389683806693, 78, 39, '08-12-2021', NULL, NULL, '25', NULL),
(16389683806778, 80, 39, '08-12-2021', NULL, NULL, 'oui', NULL),
(16389683806854, 81, 39, '08-12-2021', NULL, NULL, '0', NULL),
(16389683806939, 92, 39, '08-12-2021', NULL, NULL, 'Communauté', NULL),
(16389683807017, 103, 39, '08-12-2021', NULL, NULL, 'oui', NULL),
(16389683807103, 105, 39, '08-12-2021', NULL, NULL, 'externe', NULL),
(16389683807192, 106, 39, '08-12-2021', NULL, NULL, 'Mangrove', NULL),
(16389683807286, 111, 39, '08-12-2021', NULL, NULL, 'Eucalypstus citrodora', NULL),
(16389683807363, 112, 39, '08-12-2021', NULL, NULL, '5120', NULL),
(16389683807441, 113, 39, '08-12-2021', NULL, NULL, '4000', NULL);

-- --------------------------------------------------------

--
-- Structure de la table `reponse_non_valide`
--

CREATE TABLE `reponse_non_valide` (
  `id` bigint(20) NOT NULL,
  `question_id` bigint(20) NOT NULL,
  `user_id` bigint(20) NOT NULL,
  `date` text NOT NULL,
  `link_gps` text DEFAULT NULL,
  `link_photo` text DEFAULT NULL,
  `reponse` text NOT NULL,
  `comment` text DEFAULT NULL
) ENGINE=InnoDB DEFAULT CHARSET=utf8;

--
-- Déchargement des données de la table `reponse_non_valide`
--

INSERT INTO `reponse_non_valide` (`id`, `question_id`, `user_id`, `date`, `link_gps`, `link_photo`, `reponse`, `comment`) VALUES
(16384596746175, 55, 43, '02-12-2021', NULL, NULL, 'CI', '1'),
(16384596746285, 56, 43, '02-12-2021', NULL, NULL, 'DREDD', '1'),
(16384596746390, 57, 43, '02-12-2021', NULL, NULL, 'Boeny', '1'),
(16384596746511, 58, 43, '02-12-2021', NULL, NULL, 'Mahajanga', '1'),
(16384596746610, 59, 43, '02-12-2021', NULL, NULL, 'Mahajanga I', '1'),
(16384596746720, 60, 43, '02-12-2021', NULL, NULL, 'Antsanity', '1'),
(16384596746824, 61, 43, '02-12-2021', NULL, NULL, 'Site', '1'),
(16384596747007, 65, 43, '02-12-2021', NULL, NULL, 'Zacharie', '1'),
(16384596747163, 66, 43, '02-12-2021', NULL, NULL, 'Restauration', '1'),
(16384596747274, 67, 43, '02-12-2021', NULL, NULL, 'Mangrove', '1'),
(16384596747381, 69, 43, '02-12-2021', NULL, NULL, '250', '1'),
(16384596747491, 70, 43, '02-12-2021', NULL, NULL, '560', '1'),
(16384596747595, 71, 43, '02-12-2021', NULL, NULL, 'Mangrove', '1'),
(16384596747686, 72, 43, '02-12-2021', NULL, NULL, '1607731200000', '1'),
(16384596747809, 74, 43, '02-12-2021', NULL, NULL, '750', '1'),
(16384596747900, 24, 43, '02-12-2021', NULL, NULL, 'externe', '1'),
(16384596748016, 25, 43, '02-12-2021', NULL, NULL, 'Dette nature', '1'),
(16384596748126, 78, 43, '02-12-2021', NULL, NULL, '0', '1'),
(16384596748227, 81, 43, '02-12-2021', NULL, NULL, '12', '1'),
(16384596748329, 107, 43, '02-12-2021', NULL, NULL, 'RATEFINJANAHARY Marius', '1'),
(16384596748459, 108, 43, '02-12-2021', NULL, NULL, 'H', '1'),
(16384596748551, 109, 43, '02-12-2021', NULL, NULL, '12', '1'),
(16384596748631, 110, 43, '02-12-2021', NULL, NULL, '5', '1'),
(16384596748738, 111, 43, '02-12-2021', NULL, NULL, 'Mangrove', '1'),
(16384596748812, 112, 43, '02-12-2021', NULL, NULL, '512', '1'),
(16384596748907, 113, 43, '02-12-2021', NULL, NULL, '256', '1'),
(16384596748972, 55, 43, '02-12-2021', NULL, NULL, 'WWF', '1'),
(16384596749048, 56, 43, '02-12-2021', NULL, NULL, 'DREDD', '1'),
(16384596749122, 57, 43, '02-12-2021', NULL, NULL, 'Boeny', '1'),
(16384596749216, 58, 43, '02-12-2021', NULL, NULL, 'Mahajanga', '1'),
(16384596749317, 59, 43, '02-12-2021', NULL, NULL, 'Mahajanga II', '1'),
(16384596749394, 61, 43, '02-12-2021', NULL, NULL, 'Site', '1'),
(16384596749462, 65, 43, '02-12-2021', NULL, NULL, 'Jean', '1'),
(16384596749537, 66, 43, '02-12-2021', NULL, NULL, 'Restauration', '1'),
(16384596749609, 67, 43, '02-12-2021', NULL, NULL, 'Forêt humide', '1'),
(16384596749682, 69, 43, '02-12-2021', NULL, NULL, '512', '1'),
(16384596749766, 70, 43, '02-12-2021', NULL, NULL, '1024', '1'),
(16384596749842, 71, 43, '02-12-2021', NULL, NULL, 'Eucalyptus', '1'),
(16384596749925, 72, 43, '02-12-2021', NULL, NULL, '1608508800000', '1'),
(16384596749993, 74, 43, '02-12-2021', NULL, NULL, '345', '1'),
(16384596750071, 24, 43, '02-12-2021', NULL, NULL, 'externe', '1'),
(16384596750175, 25, 43, '02-12-2021', NULL, NULL, 'projet ci', '1'),
(16384596750269, 78, 43, '02-12-2021', NULL, NULL, '15', '1'),
(16384596750334, 81, 43, '02-12-2021', NULL, NULL, '20', '1'),
(16384596750428, 107, 43, '02-12-2021', NULL, NULL, 'RAKOTONOMENJANAHARY Mahandry', '1'),
(16384596750522, 108, 43, '02-12-2021', NULL, NULL, 'H', '1'),
(16384596750627, 109, 43, '02-12-2021', NULL, NULL, '15', '1'),
(16384596750727, 110, 43, '02-12-2021', NULL, NULL, '7', '1'),
(16384596750846, 111, 43, '02-12-2021', NULL, NULL, 'Eucalyptus', '1'),
(16384596750957, 112, 43, '02-12-2021', NULL, NULL, '2048', '1'),
(16384596751052, 113, 43, '02-12-2021', NULL, NULL, '360', '1'),
(16385239935376, 55, 1, '03-12-2021', NULL, NULL, 'COKETES', '1'),
(16385239935585, 56, 1, '03-12-2021', NULL, NULL, 'DREDD', '1'),
(16385239935799, 57, 1, '03-12-2021', NULL, NULL, 'amoron\'imania', '1'),
(16385239935994, 58, 1, '03-12-2021', NULL, NULL, 'ambositra', '1'),
(16385239936209, 59, 1, '03-12-2021', NULL, NULL, 'ambositra', '1'),
(16385239936417, 60, 1, '03-12-2021', NULL, NULL, 'ampivarotanomby', '1'),
(16385239936647, 61, 1, '03-12-2021', NULL, NULL, 'ambodizavoka', '1'),
(16385239936840, 62, 1, '03-12-2021', NULL, NULL, 'Dfn', '1'),
(16385239937048, 63, 1, '03-12-2021', NULL, NULL, 'xx', '1'),
(16385239937242, 64, 1, '03-12-2021', NULL, NULL, 'xx', '1'),
(16385239937452, 65, 1, '03-12-2021', NULL, NULL, 'dredd', '1'),
(16385239937659, 66, 1, '03-12-2021', NULL, NULL, 'restauration', '1'),
(16385239937851, 67, 1, '03-12-2021', NULL, NULL, 'zone humide', '1'),
(16385239938058, 68, 1, '03-12-2021', NULL, NULL, 'communautaire', '1'),
(16385239938260, 69, 1, '03-12-2021', NULL, NULL, '500ha', '1'),
(16385239938477, 70, 1, '03-12-2021', NULL, NULL, '1000000', '1'),
(16385239938671, 71, 1, '03-12-2021', NULL, NULL, 'acacia;bamboo', '1'),
(16385239938879, 72, 1, '03-12-2021', NULL, NULL, '3 decembre 2021', '1'),
(16385239939142, 73, 1, '03-12-2021', NULL, NULL, 'COKETES', '1'),
(16385239939340, 74, 1, '03-12-2021', NULL, NULL, '500', '1'),
(16385239939531, 75, 1, '03-12-2021', NULL, NULL, 'shp', '1'),
(16385239939720, 24, 1, '03-12-2021', NULL, NULL, 'externe', '1'),
(16385239939935, 25, 1, '03-12-2021', NULL, NULL, 'coketes', '1'),
(16385239940121, 78, 1, '03-12-2021', NULL, NULL, '100', '1'),
(16385239940385, 79, 1, '03-12-2021', NULL, NULL, 'Bèche', '1'),
(16385239940581, 80, 1, '03-12-2021', NULL, NULL, 'oui', '1'),
(16385239940804, 81, 1, '03-12-2021', NULL, NULL, '0', '1'),
(16385239940994, 82, 1, '03-12-2021', NULL, NULL, '0', '1'),
(16385239941191, 83, 1, '03-12-2021', NULL, NULL, 'sensibilisation', '1'),
(16385239941388, 84, 1, '03-12-2021', NULL, NULL, '1609804800000', '1'),
(16385239941617, 85, 1, '03-12-2021', NULL, NULL, 'DREDD', '1'),
(16385239941830, 99, 1, '03-12-2021', NULL, NULL, '02 aout 2021', '1'),
(16385239942115, 100, 1, '03-12-2021', NULL, NULL, 'OUI', '1'),
(16385239942323, 101, 1, '03-12-2021', NULL, NULL, 'X', '1'),
(16385239942510, 102, 1, '03-12-2021', NULL, NULL, 'X', '1'),
(16385239942718, 103, 1, '03-12-2021', NULL, NULL, 'NON', '1'),
(16385239942914, 105, 1, '03-12-2021', NULL, NULL, 'EXTERNE', '1'),
(16385239943201, 107, 1, '03-12-2021', NULL, NULL, 'Richard dauphin', '1'),
(16385239943439, 109, 1, '03-12-2021', NULL, NULL, '10', '1'),
(16385239943676, 110, 1, '03-12-2021', NULL, NULL, '8', '1'),
(16385239943900, 55, 1, '03-12-2021', NULL, NULL, 'GRAINE DE VIE', '1'),
(16385239944108, 56, 1, '03-12-2021', NULL, NULL, 'DREDD', '1'),
(16385239944307, 57, 1, '03-12-2021', NULL, NULL, 'amoron\'imania', '1'),
(16385239944494, 58, 1, '03-12-2021', NULL, NULL, 'ambositra', '1'),
(16385239944691, 59, 1, '03-12-2021', NULL, NULL, 'ambositra', '1'),
(16385239944903, 60, 1, '03-12-2021', NULL, NULL, 'ampivarotanomby', '1'),
(16385239945126, 61, 1, '03-12-2021', NULL, NULL, 'ambodizavoka', '1'),
(16385239945325, 62, 1, '03-12-2021', NULL, NULL, 'Dfn', '1'),
(16385239945537, 63, 1, '03-12-2021', NULL, NULL, 'xx', '1'),
(16385239945826, 64, 1, '03-12-2021', NULL, NULL, 'xx', '1'),
(16385239946058, 65, 1, '03-12-2021', NULL, NULL, 'dredd', '1'),
(16385239946368, 66, 1, '03-12-2021', NULL, NULL, 'restauration', '1'),
(16385239946593, 67, 1, '03-12-2021', NULL, NULL, 'zone humide', '1'),
(16385239946807, 68, 1, '03-12-2021', NULL, NULL, 'communautaire', '1'),
(16385239947015, 69, 1, '03-12-2021', NULL, NULL, '50', '1'),
(16385239947236, 70, 1, '03-12-2021', NULL, NULL, '250', '1'),
(16385239947451, 71, 1, '03-12-2021', NULL, NULL, 'acacia;bamboo', '1'),
(16385239947672, 72, 1, '03-12-2021', NULL, NULL, '4 decembre 2021', '1'),
(16385239947953, 73, 1, '03-12-2021', NULL, NULL, 'COKETES', '1'),
(16385239948304, 74, 1, '03-12-2021', NULL, NULL, '500', '1'),
(16385239948522, 75, 1, '03-12-2021', NULL, NULL, 'shp', '1'),
(16385239948745, 24, 1, '03-12-2021', NULL, NULL, 'externe', '1'),
(16385239948967, 25, 1, '03-12-2021', NULL, NULL, 'coketes', '1'),
(16385239949180, 78, 1, '03-12-2021', NULL, NULL, '100', '1'),
(16385239949396, 79, 1, '03-12-2021', NULL, NULL, 'Bèche', '1'),
(16385239949612, 80, 1, '03-12-2021', NULL, NULL, 'oui', '1'),
(16385239949833, 81, 1, '03-12-2021', NULL, NULL, '0', '1'),
(16385239950152, 82, 1, '03-12-2021', NULL, NULL, '0', '1'),
(16385239950400, 83, 1, '03-12-2021', NULL, NULL, 'sensibilisation', '1'),
(16385239950660, 84, 1, '03-12-2021', NULL, NULL, '1609891200000', '1'),
(16385239950951, 85, 1, '03-12-2021', NULL, NULL, 'DREDD', '1'),
(16385239951177, 99, 1, '03-12-2021', NULL, NULL, '3 aout 2021', '1'),
(16385239951381, 100, 1, '03-12-2021', NULL, NULL, 'OUI', '1'),
(16385239951584, 101, 1, '03-12-2021', NULL, NULL, 'X', '1'),
(16385239951791, 102, 1, '03-12-2021', NULL, NULL, 'X', '1'),
(16385239951999, 103, 1, '03-12-2021', NULL, NULL, 'NON', '1'),
(16385239952191, 105, 1, '03-12-2021', NULL, NULL, 'EXTERNE', '1'),
(16385239952428, 107, 1, '03-12-2021', NULL, NULL, 'Richard dauphin', '1'),
(16385239952647, 109, 1, '03-12-2021', NULL, NULL, '10', '1'),
(16385239952862, 110, 1, '03-12-2021', NULL, NULL, '8', '1'),
(16385239953070, 55, 1, '03-12-2021', NULL, NULL, 'GRAINE DE VIE', '1'),
(16385239953279, 56, 1, '03-12-2021', NULL, NULL, 'CIRED', '1'),
(16385239953490, 57, 1, '03-12-2021', NULL, NULL, 'amoron\'imania', '1'),
(16385239953718, 58, 1, '03-12-2021', NULL, NULL, 'ambositra', '1'),
(16385239953969, 59, 1, '03-12-2021', NULL, NULL, 'ambositra', '1'),
(16385239954175, 60, 1, '03-12-2021', NULL, NULL, 'ampivarotanomby', '1'),
(16385239954414, 61, 1, '03-12-2021', NULL, NULL, 'ambodizavoka', '1'),
(16385239954691, 62, 1, '03-12-2021', NULL, NULL, 'Dfn', '1'),
(16385239954918, 63, 1, '03-12-2021', NULL, NULL, 'xx', '1'),
(16385239955125, 64, 1, '03-12-2021', NULL, NULL, 'xx', '1'),
(16385239955329, 65, 1, '03-12-2021', NULL, NULL, 'CIRED', '1'),
(16385239955555, 66, 1, '03-12-2021', NULL, NULL, 'reboisement', '1'),
(16385239955766, 67, 1, '03-12-2021', NULL, NULL, 'foret seche', '1'),
(16385239955999, 68, 1, '03-12-2021', NULL, NULL, 'communautaire', '1'),
(16385239956242, 69, 1, '03-12-2021', NULL, NULL, '50', '1'),
(16385239956466, 70, 1, '03-12-2021', NULL, NULL, '25', '1'),
(16385239956668, 71, 1, '03-12-2021', NULL, NULL, 'acacia;bamboo', '1'),
(16385239956851, 72, 1, '03-12-2021', NULL, NULL, '5 decembre 2021', '1'),
(16385239957079, 73, 1, '03-12-2021', NULL, NULL, 'COKETES', '1'),
(16385239957329, 74, 1, '03-12-2021', NULL, NULL, '500', '1'),
(16385239957523, 75, 1, '03-12-2021', NULL, NULL, 'shp', '1'),
(16385239957740, 24, 1, '03-12-2021', NULL, NULL, 'externe', '1'),
(16385239957944, 25, 1, '03-12-2021', NULL, NULL, 'coketes', '1'),
(16385239958167, 78, 1, '03-12-2021', NULL, NULL, '100', '1'),
(16385239958362, 79, 1, '03-12-2021', NULL, NULL, 'Bèche', '1'),
(16385239958563, 80, 1, '03-12-2021', NULL, NULL, 'oui', '1'),
(16385239958762, 81, 1, '03-12-2021', NULL, NULL, '0', '1'),
(16385239958975, 82, 1, '03-12-2021', NULL, NULL, '0', '1'),
(16385239959173, 83, 1, '03-12-2021', NULL, NULL, 'sensibilisation', '1'),
(16385239959396, 84, 1, '03-12-2021', NULL, NULL, '1609977600000', '1'),
(16385239959631, 85, 1, '03-12-2021', NULL, NULL, 'CIRED', '1'),
(16385239959839, 99, 1, '03-12-2021', NULL, NULL, '4 aout 2021', '1'),
(16385239960093, 100, 1, '03-12-2021', NULL, NULL, 'OUI', '1'),
(16385239960362, 101, 1, '03-12-2021', NULL, NULL, 'X', '1'),
(16385239960586, 102, 1, '03-12-2021', NULL, NULL, 'X', '1'),
(16385239960782, 103, 1, '03-12-2021', NULL, NULL, 'NON', '1'),
(16385239961005, 105, 1, '03-12-2021', NULL, NULL, 'EXTERNE', '1'),
(16385239961223, 107, 1, '03-12-2021', NULL, NULL, 'Richard dauphin', '1'),
(16385239961425, 109, 1, '03-12-2021', NULL, NULL, '10', '1'),
(16385239961634, 110, 1, '03-12-2021', NULL, NULL, '8', '1'),
(16385248138190, 55, 16384495306178, '03-12-2021', NULL, NULL, 'MEDD', '1'),
(16385248139527, 56, 16384495306178, '03-12-2021', NULL, NULL, 'DREDD', '1'),
(16385248141407, 57, 16384495306178, '03-12-2021', NULL, NULL, 'Haute Matsiatra', '1'),
(16385248142957, 58, 16384495306178, '03-12-2021', NULL, NULL, 'Fianrantsoa', '1'),
(16385248144502, 59, 16384495306178, '03-12-2021', NULL, NULL, 'Fianarantsoa', '1'),
(16385248145723, 60, 16384495306178, '03-12-2021', NULL, NULL, 'vatosola', '1'),
(16385248146612, 61, 16384495306178, '03-12-2021', NULL, NULL, 'vatosola', '1'),
(16385248148254, 62, 16384495306178, '03-12-2021', NULL, NULL, 'Dfn', '1'),
(16385248149450, 63, 16384495306178, '03-12-2021', NULL, NULL, 'S21.00517', '1'),
(16385248150739, 64, 16384495306178, '03-12-2021', NULL, NULL, 'E047.20804', '1'),
(16385248151733, 65, 16384495306178, '03-12-2021', NULL, NULL, 'Rse', '1'),
(16385248153454, 66, 16384495306178, '03-12-2021', NULL, NULL, 'Restauration', '1'),
(16385248156331, 67, 16384495306178, '03-12-2021', NULL, NULL, 'Foret humide', '1'),
(16385248157882, 68, 16384495306178, '03-12-2021', NULL, NULL, 'communautaire', '1'),
(16385248159338, 69, 16384495306178, '03-12-2021', NULL, NULL, '40', '1'),
(16385248161444, 70, 16384495306178, '03-12-2021', NULL, NULL, '40000', '1'),
(16385248162965, 71, 16384495306178, '03-12-2021', NULL, NULL, 'Bambou', '1'),
(16385248164174, 72, 16384495306178, '03-12-2021', NULL, NULL, '1639267200000', '1'),
(16385248170732, 73, 16384495306178, '03-12-2021', NULL, NULL, 'dredd', '1'),
(16385248172562, 74, 16384495306178, '03-12-2021', NULL, NULL, '40', '1'),
(16385248173280, 75, 16384495306178, '03-12-2021', NULL, NULL, '0', '1'),
(16385248174288, 24, 16384495306178, '03-12-2021', NULL, NULL, 'externe', '1'),
(16385248175735, 25, 16384495306178, '03-12-2021', NULL, NULL, 'Phare', '1'),
(16385248177403, 78, 16384495306178, '03-12-2021', NULL, NULL, '20', '1'),
(16385248179734, 79, 16384495306178, '03-12-2021', NULL, NULL, 'Battage', '1'),
(16385248181436, 80, 16384495306178, '03-12-2021', NULL, NULL, 'Oui', '1'),
(16385248182304, 81, 16384495306178, '03-12-2021', NULL, NULL, '5', '1'),
(16385248183738, 82, 16384495306178, '03-12-2021', NULL, NULL, 'Shp4251', '1'),
(16385248184846, 83, 16384495306178, '03-12-2021', NULL, NULL, 'Passif', '1'),
(16385248186171, 84, 16384495306178, '03-12-2021', NULL, NULL, '1620777600000', '1'),
(16385248187626, 85, 16384495306178, '03-12-2021', NULL, NULL, 'DREDD', '1'),
(16385248188845, 99, 16384495306178, '03-12-2021', NULL, NULL, '1534032000000', '1'),
(16385248189846, 100, 16384495306178, '03-12-2021', NULL, NULL, 'Oui', '1'),
(16385248190954, 101, 16384495306178, '03-12-2021', NULL, NULL, 'S20.99270', '1'),
(16385248192501, 102, 16384495306178, '03-12-2021', NULL, NULL, 'E047.19797', '1'),
(16385248193288, 103, 16384495306178, '03-12-2021', NULL, NULL, 'Non', '1'),
(16385248193956, 104, 16384495306178, '03-12-2021', NULL, NULL, 'Shp4254', '1'),
(16385248195094, 105, 16384495306178, '03-12-2021', NULL, NULL, 'Interne', '1'),
(16385248196061, 107, 16384495306178, '03-12-2021', NULL, NULL, 'Veve', '1'),
(16385248197187, 108, 16384495306178, '03-12-2021', NULL, NULL, 'Homme', '1'),
(16385248198409, 109, 16384495306178, '03-12-2021', NULL, NULL, '55', '1'),
(16385248199679, 110, 16384495306178, '03-12-2021', NULL, NULL, '26', '1'),
(16385248201268, 112, 16384495306178, '03-12-2021', NULL, NULL, '150000', '1'),
(16385248202393, 113, 16384495306178, '03-12-2021', NULL, NULL, '100000', '1'),
(16385248203404, 55, 16384495306178, '03-12-2021', NULL, NULL, 'Gret', '1'),
(16385248204389, 56, 16384495306178, '03-12-2021', NULL, NULL, 'DREDD', '1'),
(16385248205163, 57, 16384495306178, '03-12-2021', NULL, NULL, 'Haute Matsiatra', '1'),
(16385248206067, 58, 16384495306178, '03-12-2021', NULL, NULL, 'Ambohimahasoa', '1'),
(16385248207182, 59, 16384495306178, '03-12-2021', NULL, NULL, 'Vohiposa, Camp Robin, Sahatona, Fiadanana, Ambatosoa', '1'),
(16385248208684, 60, 16384495306178, '03-12-2021', NULL, NULL, 'Vohiposa, Camp Robin', '1'),
(16385248210736, 61, 16384495306178, '03-12-2021', NULL, NULL, 'Ranomena, Fotamantsina', '1'),
(16385248213063, 62, 16384495306178, '03-12-2021', NULL, NULL, 'Dfn', '1'),
(16385248214072, 63, 16384495306178, '03-12-2021', NULL, NULL, 'S20.93626', '1'),
(16385248214951, 64, 16384495306178, '03-12-2021', NULL, NULL, 'E047.25439', '1'),
(16385248215841, 65, 16384495306178, '03-12-2021', NULL, NULL, 'Rse', '1'),
(16385248216746, 66, 16384495306178, '03-12-2021', NULL, NULL, 'Protéction SBV', '1'),
(16385248217899, 67, 16384495306178, '03-12-2021', NULL, NULL, 'Foret sèche', '1'),
(16385248219850, 68, 16384495306178, '03-12-2021', NULL, NULL, 'communautaire', '1'),
(16385248220850, 69, 16384495306178, '03-12-2021', NULL, NULL, '54', '1'),
(16385248222289, 70, 16384495306178, '03-12-2021', NULL, NULL, '80000', '1'),
(16385248223409, 71, 16384495306178, '03-12-2021', NULL, NULL, 'Eucalysptus, acacia', '1'),
(16385248224519, 72, 16384495306178, '03-12-2021', NULL, NULL, '1613347200000', '1'),
(16385248225501, 73, 16384495306178, '03-12-2021', NULL, NULL, 'Gret', '1'),
(16385248226510, 74, 16384495306178, '03-12-2021', NULL, NULL, '35', '1'),
(16385248227399, 75, 16384495306178, '03-12-2021', NULL, NULL, 'Shp1247', '1'),
(16385248228281, 24, 16384495306178, '03-12-2021', NULL, NULL, 'externe', '1'),
(16385248228952, 25, 16384495306178, '03-12-2021', NULL, NULL, 'RYHYVIERE II', '1'),
(16385248230291, 78, 16384495306178, '03-12-2021', NULL, NULL, '52', '1'),
(16385248231515, 79, 16384495306178, '03-12-2021', NULL, NULL, 'Battage', '1'),
(16385248232510, 80, 16384495306178, '03-12-2021', NULL, NULL, 'Oui', '1'),
(16385248233403, 81, 16384495306178, '03-12-2021', NULL, NULL, '1', '1'),
(16385248234412, 82, 16384495306178, '03-12-2021', NULL, NULL, 'Shp4252', '1'),
(16385248235408, 83, 16384495306178, '03-12-2021', NULL, NULL, 'Actif', '1'),
(16385248236390, 84, 16384495306178, '03-12-2021', NULL, NULL, '1621641600000', '1'),
(16385248237515, 85, 16384495306178, '03-12-2021', NULL, NULL, 'Association FIMPISAVA', '1'),
(16385248238777, 99, 16384495306178, '03-12-2021', NULL, NULL, '1535241600000', '1'),
(16385248240518, 100, 16384495306178, '03-12-2021', NULL, NULL, 'Oui', '1'),
(16385248241621, 101, 16384495306178, '03-12-2021', NULL, NULL, 'S21.00017', '1'),
(16385248243115, 102, 16384495306178, '03-12-2021', NULL, NULL, 'E047.24108', '1'),
(16385248244066, 103, 16384495306178, '03-12-2021', NULL, NULL, 'Oui', '1'),
(16385248245067, 104, 16384495306178, '03-12-2021', NULL, NULL, 'Shp4256', '1'),
(16385248246070, 105, 16384495306178, '03-12-2021', NULL, NULL, 'Externe', '1'),
(16385248246843, 106, 16384495306178, '03-12-2021', NULL, NULL, 'Gret', '1'),
(16385248247734, 107, 16384495306178, '03-12-2021', NULL, NULL, 'Association FIMPISAVA', '1'),
(16385248249118, 109, 16384495306178, '03-12-2021', NULL, NULL, '150', '1'),
(16385248249957, 110, 16384495306178, '03-12-2021', NULL, NULL, '70', '1'),
(16385248251054, 112, 16384495306178, '03-12-2021', NULL, NULL, '100000', '1'),
(16385248251950, 113, 16384495306178, '03-12-2021', NULL, NULL, '70000', '1'),
(16385248252955, 55, 16384495306178, '03-12-2021', NULL, NULL, 'Gret', '1'),
(16385248253963, 56, 16384495306178, '03-12-2021', NULL, NULL, 'DREDD', '1'),
(16385248254730, 57, 16384495306178, '03-12-2021', NULL, NULL, 'Haute Matsiatra', '1'),
(16385248255625, 58, 16384495306178, '03-12-2021', NULL, NULL, 'Ambohimahasoa', '1'),
(16385248256629, 60, 16384495306178, '03-12-2021', NULL, NULL, 'Sahatona, Fiadanana, Ambatosoa', '1'),
(16385248258125, 61, 16384495306178, '03-12-2021', NULL, NULL, 'Ambiaty,Itamby,', '1'),
(16385248259000, 62, 16384495306178, '03-12-2021', NULL, NULL, 'Dfn', '1'),
(16385248260230, 63, 16384495306178, '03-12-2021', NULL, NULL, 'S20.96231', '1'),
(16385248261177, 64, 16384495306178, '03-12-2021', NULL, NULL, 'E047.12643', '1'),
(16385248262390, 65, 16384495306178, '03-12-2021', NULL, NULL, 'Rse', '1'),
(16385248263624, 66, 16384495306178, '03-12-2021', NULL, NULL, 'Protéction SBV', '1'),
(16385248264569, 67, 16384495306178, '03-12-2021', NULL, NULL, 'Foret sèche', '1'),
(16385248265170, 68, 16384495306178, '03-12-2021', NULL, NULL, 'communautaire', '1'),
(16385248266178, 69, 16384495306178, '03-12-2021', NULL, NULL, '30', '1'),
(16385248267345, 70, 16384495306178, '03-12-2021', NULL, NULL, '60000', '1'),
(16385248268627, 71, 16384495306178, '03-12-2021', NULL, NULL, 'Eucalysptus, acacia', '1'),
(16385248269568, 72, 16384495306178, '03-12-2021', NULL, NULL, '1613952000000', '1'),
(16385248270629, 73, 16384495306178, '03-12-2021', NULL, NULL, 'Gret', '1'),
(16385248272199, 74, 16384495306178, '03-12-2021', NULL, NULL, '30', '1'),
(16385248273396, 75, 16384495306178, '03-12-2021', NULL, NULL, 'Shp 1325', '1'),
(16385248274786, 24, 16384495306178, '03-12-2021', NULL, NULL, 'externe', '1'),
(16385248275675, 25, 16384495306178, '03-12-2021', NULL, NULL, 'RYHYVIERE II', '1'),
(16385248276564, 78, 16384495306178, '03-12-2021', NULL, NULL, '28', '1'),
(16385248277408, 79, 16384495306178, '03-12-2021', NULL, NULL, 'Sac à eau', '1'),
(16385248278452, 80, 16384495306178, '03-12-2021', NULL, NULL, 'Oui', '1'),
(16385248279620, 83, 16384495306178, '03-12-2021', NULL, NULL, 'IEC', '1'),
(16385248281195, 84, 16384495306178, '03-12-2021', NULL, NULL, '1621641600000', '1'),
(16385248282967, 85, 16384495306178, '03-12-2021', NULL, NULL, 'Association FIMPISAVA', '1'),
(16385248284170, 99, 16384495306178, '03-12-2021', NULL, NULL, '1535241600000', '1'),
(16385248285114, 100, 16384495306178, '03-12-2021', NULL, NULL, 'Oui', '1'),
(16385248286399, 101, 16384495306178, '03-12-2021', NULL, NULL, 'S20.99342', '1'),
(16385248287512, 102, 16384495306178, '03-12-2021', NULL, NULL, 'E047.12705', '1'),
(16385248288672, 103, 16384495306178, '03-12-2021', NULL, NULL, 'Oui', '1'),
(16385248289785, 104, 16384495306178, '03-12-2021', NULL, NULL, 'Shp4257', '1'),
(16385248290781, 105, 16384495306178, '03-12-2021', NULL, NULL, 'Externe', '1'),
(16385248292166, 106, 16384495306178, '03-12-2021', NULL, NULL, 'Gret', '1'),
(16385248293736, 107, 16384495306178, '03-12-2021', NULL, NULL, 'Association FIMPISAVA', '1'),
(16385248294957, 109, 16384495306178, '03-12-2021', NULL, NULL, '100', '1'),
(16385248296668, 110, 16384495306178, '03-12-2021', NULL, NULL, '80', '1'),
(16385248297611, 112, 16384495306178, '03-12-2021', NULL, NULL, '70000', '1'),
(16385248298562, 113, 16384495306178, '03-12-2021', NULL, NULL, '50000', '1'),
(16385248349926, 55, 16384497957470, '03-12-2021', NULL, NULL, 'HIH', '1'),
(16385248351546, 56, 16384497957470, '03-12-2021', NULL, NULL, 'DREDD', '1'),
(16385248353376, 57, 16384497957470, '03-12-2021', NULL, NULL, 'Atsimo Atsinanana', '1'),
(16385248355105, 58, 16384497957470, '03-12-2021', NULL, NULL, 'Farafanganana', '1'),
(16385248356601, 59, 16384497957470, '03-12-2021', NULL, NULL, 'Ankarana', '1'),
(16385248358111, 60, 16384497957470, '03-12-2021', NULL, NULL, 'Takoandra', '1'),
(16385248359734, 61, 16384497957470, '03-12-2021', NULL, NULL, 'Agnalazahabe', '1'),
(16385248361562, 62, 16384497957470, '03-12-2021', NULL, NULL, 'DFN', '1'),
(16385248363179, 63, 16384497957470, '03-12-2021', NULL, NULL, 'xx', '1'),
(16385248364467, 64, 16384497957470, '03-12-2021', NULL, NULL, 'yy', '1'),
(16385248366194, 65, 16384497957470, '03-12-2021', NULL, NULL, 'Rondro', '1'),
(16385248367803, 66, 16384497957470, '03-12-2021', NULL, NULL, 'Restauration', '1'),
(16385248369300, 67, 16384497957470, '03-12-2021', NULL, NULL, 'FDH', '1'),
(16385248370820, 68, 16384497957470, '03-12-2021', NULL, NULL, 'Communautere', '1'),
(16385248372204, 69, 16384497957470, '03-12-2021', NULL, NULL, '60', '1'),
(16385248373810, 70, 16384497957470, '03-12-2021', NULL, NULL, '10000', '1'),
(16385248375549, 72, 16384497957470, '03-12-2021', NULL, NULL, '1638489600000', '1'),
(16385248377282, 73, 16384497957470, '03-12-2021', NULL, NULL, 'HIH', '1'),
(16385248378770, 74, 16384497957470, '03-12-2021', NULL, NULL, '50', '1'),
(16385248380078, 75, 16384497957470, '03-12-2021', NULL, NULL, 'shep_1', '1'),
(16385248381574, 24, 16384497957470, '03-12-2021', NULL, NULL, 'HIH', '1'),
(16385248383087, 25, 16384497957470, '03-12-2021', NULL, NULL, 'HIH', '1'),
(16385248384587, 78, 16384497957470, '03-12-2021', NULL, NULL, '59', '1'),
(16385248385869, 79, 16384497957470, '03-12-2021', NULL, NULL, 'Sac a eau', '1'),
(16385248388919, 80, 16384497957470, '03-12-2021', NULL, NULL, 'oui', '1'),
(16385248392848, 83, 16384497957470, '03-12-2021', NULL, NULL, 'IEC', '1'),
(16385248394568, 84, 16384497957470, '03-12-2021', NULL, NULL, '1638489600000', '1'),
(16385248395850, 85, 16384497957470, '03-12-2021', NULL, NULL, 'CEF', '1'),
(16385248397249, 55, 16384497957470, '03-12-2021', NULL, NULL, 'GERP', '1'),
(16385248398978, 56, 16384497957470, '03-12-2021', NULL, NULL, 'DREDD', '1'),
(16385248400363, 57, 16384497957470, '03-12-2021', NULL, NULL, 'Atsimo Atsinanana', '1'),
(16385248402373, 58, 16384497957470, '03-12-2021', NULL, NULL, 'Farafanganana', '1'),
(16385248403880, 59, 16384497957470, '03-12-2021', NULL, NULL, 'Ankarana', '1'),
(16385248405377, 60, 16384497957470, '03-12-2021', NULL, NULL, 'Takoandra', '1'),
(16385248406554, 61, 16384497957470, '03-12-2021', NULL, NULL, 'Agnalazahabe', '1'),
(16385248408072, 62, 16384497957470, '03-12-2021', NULL, NULL, 'DFN', '1'),
(16385248409570, 63, 16384497957470, '03-12-2021', NULL, NULL, 'xx', '1'),
(16385248411184, 64, 16384497957470, '03-12-2021', NULL, NULL, 'SS', '1'),
(16385248412686, 65, 16384497957470, '03-12-2021', NULL, NULL, 'TAHINA', '1'),
(16385248414089, 66, 16384497957470, '03-12-2021', NULL, NULL, 'Restauration', '1'),
(16385248416107, 67, 16384497957470, '03-12-2021', NULL, NULL, 'FL', '1'),
(16385248417078, 68, 16384497957470, '03-12-2021', NULL, NULL, 'Communautere', '1'),
(16385248418533, 69, 16384497957470, '03-12-2021', NULL, NULL, '60', '1'),
(16385248420152, 70, 16384497957470, '03-12-2021', NULL, NULL, '10000', '1'),
(16385248421653, 72, 16384497957470, '03-12-2021', NULL, NULL, '1638489600000', '1'),
(16385248423281, 73, 16384497957470, '03-12-2021', NULL, NULL, 'MBG', '1'),
(16385248424992, 74, 16384497957470, '03-12-2021', NULL, NULL, '50', '1'),
(16385248426600, 75, 16384497957470, '03-12-2021', NULL, NULL, 'shep_2', '1'),
(16385248428005, 24, 16384497957470, '03-12-2021', NULL, NULL, 'Pnue', '1'),
(16385248429627, 25, 16384497957470, '03-12-2021', NULL, NULL, 'MBG', '1'),
(16385248431128, 78, 16384497957470, '03-12-2021', NULL, NULL, '59', '1'),
(16385248432744, 79, 16384497957470, '03-12-2021', NULL, NULL, 'Sac a eau', '1'),
(16385248435124, 80, 16384497957470, '03-12-2021', NULL, NULL, 'oui', '1'),
(16385248436620, 83, 16384497957470, '03-12-2021', NULL, NULL, 'IEC', '1'),
(16385248438020, 84, 16384497957470, '03-12-2021', NULL, NULL, '1638489600000', '1'),
(16385248440071, 85, 16384497957470, '03-12-2021', NULL, NULL, 'CEF', '1'),
(16385248441471, 55, 16384497957470, '03-12-2021', NULL, NULL, 'MBG', '1'),
(16385248442864, 56, 16384497957470, '03-12-2021', NULL, NULL, 'DREDD', '1'),
(16385248447398, 57, 16384497957470, '03-12-2021', NULL, NULL, 'Atsimo Atsinanana', '1'),
(16385248448588, 58, 16384497957470, '03-12-2021', NULL, NULL, 'Farafanganana', '1'),
(16385248450304, 59, 16384497957470, '03-12-2021', NULL, NULL, 'Ankarana', '1'),
(16385248451815, 60, 16384497957470, '03-12-2021', NULL, NULL, 'Takoandra', '1'),
(16385248453209, 61, 16384497957470, '03-12-2021', NULL, NULL, 'Agnalazahabe', '1'),
(16385248454829, 62, 16384497957470, '03-12-2021', NULL, NULL, 'DFN', '1'),
(16385248456326, 63, 16384497957470, '03-12-2021', NULL, NULL, 'DD', '1'),
(16385248457931, 64, 16384497957470, '03-12-2021', NULL, NULL, 'yy', '1'),
(16385248459129, 65, 16384497957470, '03-12-2021', NULL, NULL, 'FIDY', '1'),
(16385248460621, 66, 16384497957470, '03-12-2021', NULL, NULL, 'Energetique', '1'),
(16385248462138, 67, 16384497957470, '03-12-2021', NULL, NULL, 'FDL', '1'),
(16385248463517, 68, 16384497957470, '03-12-2021', NULL, NULL, 'Communautere', '1'),
(16385248465147, 69, 16384497957470, '03-12-2021', NULL, NULL, '60', '1'),
(16385248466863, 70, 16384497957470, '03-12-2021', NULL, NULL, '10000', '1'),
(16385248468253, 72, 16384497957470, '03-12-2021', NULL, NULL, '1638489600000', '1'),
(16385248470168, 73, 16384497957470, '03-12-2021', NULL, NULL, 'GERP', '1'),
(16385248471675, 74, 16384497957470, '03-12-2021', NULL, NULL, '50', '1'),
(16385248473270, 75, 16384497957470, '03-12-2021', NULL, NULL, 'shep_3', '1'),
(16385248474678, 24, 16384497957470, '03-12-2021', NULL, NULL, 'HoustonZoo', '1'),
(16385248476176, 25, 16384497957470, '03-12-2021', NULL, NULL, 'GERP', '1'),
(16385248477903, 78, 16384497957470, '03-12-2021', NULL, NULL, '59', '1'),
(16385248479513, 79, 16384497957470, '03-12-2021', NULL, NULL, 'Sac a eau', '1'),
(16385248480801, 80, 16384497957470, '03-12-2021', NULL, NULL, 'oui', '1'),
(16385248482421, 83, 16384497957470, '03-12-2021', NULL, NULL, 'IEC', '1'),
(16385248484584, 84, 16384497957470, '03-12-2021', NULL, NULL, '1638489600000', '1'),
(16385248485986, 85, 16384497957470, '03-12-2021', NULL, NULL, 'CEF', '1'),
(16385249893572, 55, 94, '03-12-2021', NULL, NULL, 'PNUD', '1'),
(16385249895061, 56, 94, '03-12-2021', NULL, NULL, 'DREDD', '1'),
(16385249896436, 57, 94, '03-12-2021', NULL, NULL, 'Androy', '1'),
(16385249897338, 58, 94, '03-12-2021', NULL, NULL, 'Bekily', '1'),
(16385249898230, 59, 94, '03-12-2021', NULL, NULL, 'Bekily', '1'),
(16385249899680, 62, 94, '03-12-2021', NULL, NULL, 'DFN', '1'),
(16385249901793, 63, 94, '03-12-2021', NULL, NULL, 'XX', '1'),
(16385249903123, 64, 94, '03-12-2021', NULL, NULL, 'YY', '1'),
(16385249904464, 65, 94, '03-12-2021', NULL, NULL, 'CLAUDE', '1'),
(16385249905688, 66, 94, '03-12-2021', NULL, NULL, 'bois d\'œuvre', '1'),
(16385249907467, 67, 94, '03-12-2021', NULL, NULL, 'forêts sèche', '1'),
(16385249908456, 68, 94, '03-12-2021', NULL, NULL, 'Communautaire', '1'),
(16385249909451, 69, 94, '03-12-2021', NULL, NULL, '400', '1'),
(16385249910578, 70, 94, '03-12-2021', NULL, NULL, '2500', '1'),
(16385249911780, 71, 94, '03-12-2021', NULL, NULL, 'fantiolotse', '1'),
(16385249913022, 72, 94, '03-12-2021', NULL, NULL, '4211049600000', '1'),
(16385249914005, 73, 94, '03-12-2021', NULL, NULL, 'PNAE', '1'),
(16385249915018, 74, 94, '03-12-2021', NULL, NULL, '100', '1'),
(16385249916108, 75, 94, '03-12-2021', NULL, NULL, 'Shap.reb1', '1'),
(16385249917243, 24, 94, '03-12-2021', NULL, NULL, 'externe', '1'),
(16385249918457, 25, 94, '03-12-2021', NULL, NULL, 'PNAE', '1'),
(16385249919793, 78, 94, '03-12-2021', NULL, NULL, '15', '1'),
(16385249920902, 79, 94, '03-12-2021', NULL, NULL, 'battage,sa à eau', '1'),
(16385249922122, 80, 94, '03-12-2021', NULL, NULL, 'oui', '1'),
(16385249923125, 83, 94, '03-12-2021', NULL, NULL, 'IEC', '1'),
(16385249924002, 84, 94, '03-12-2021', NULL, NULL, 'Mai', '1'),
(16385249924896, 85, 94, '03-12-2021', NULL, NULL, 'Jean', '1'),
(16385249926009, 92, 94, '03-12-2021', NULL, NULL, 'VOI', '1'),
(16385249927226, 99, 94, '03-12-2021', NULL, NULL, '1401753600000', '1'),
(16385249928342, 100, 94, '03-12-2021', NULL, NULL, 'oui', '1'),
(16385249929792, 101, 94, '03-12-2021', NULL, NULL, 'xx', '1'),
(16385249930903, 102, 94, '03-12-2021', NULL, NULL, 'yy', '1'),
(16385249931902, 103, 94, '03-12-2021', NULL, NULL, 'oui', '1'),
(16385249932905, 104, 94, '03-12-2021', NULL, NULL, 'Shapfile.pep1', '1'),
(16385249934508, 105, 94, '03-12-2021', NULL, NULL, 'externe', '1'),
(16385249935441, 107, 94, '03-12-2021', NULL, NULL, 'fokonolona', '1'),
(16385249936444, 109, 94, '03-12-2021', NULL, NULL, '150', '1'),
(16385249937340, 110, 94, '03-12-2021', NULL, NULL, '70', '1'),
(16385249938445, 111, 94, '03-12-2021', NULL, NULL, '1', '1'),
(16385249939685, 112, 94, '03-12-2021', NULL, NULL, '150000', '1'),
(16385249940793, 113, 94, '03-12-2021', NULL, NULL, '4000', '1'),
(16385249941684, 55, 94, '03-12-2021', NULL, NULL, 'AIM', '1'),
(16385249942903, 56, 94, '03-12-2021', NULL, NULL, 'DREDD', '1'),
(16385249943896, 57, 94, '03-12-2021', NULL, NULL, 'Androy', '1'),
(16385249945112, 58, 94, '03-12-2021', NULL, NULL, 'Bekily', '1'),
(16385249946009, 59, 94, '03-12-2021', NULL, NULL, 'Beraketa', '1'),
(16385249947453, 62, 94, '03-12-2021', NULL, NULL, 'DFN', '1'),
(16385249948666, 63, 94, '03-12-2021', NULL, NULL, 'xx', '1'),
(16385249949905, 64, 94, '03-12-2021', NULL, NULL, 'yy', '1'),
(16385249951124, 65, 94, '03-12-2021', NULL, NULL, 'jao', '1'),
(16385249952352, 66, 94, '03-12-2021', NULL, NULL, 'restauration', '1'),
(16385249953574, 67, 94, '03-12-2021', NULL, NULL, 'forêts sèche', '1'),
(16385249954577, 68, 94, '03-12-2021', NULL, NULL, 'Communautaire', '1'),
(16385249955794, 70, 94, '03-12-2021', NULL, NULL, '50000', '1'),
(16385249957467, 71, 94, '03-12-2021', NULL, NULL, 'ACACIA', '1'),
(16385249958682, 72, 94, '03-12-2021', NULL, NULL, '1426550400000', '1'),
(16385249959782, 73, 94, '03-12-2021', NULL, NULL, 'CIREDD', '1'),
(16385249961017, 74, 94, '03-12-2021', NULL, NULL, '500', '1'),
(16385249962503, 75, 94, '03-12-2021', NULL, NULL, 'Shap.reb2', '1'),
(16385249963972, 24, 94, '03-12-2021', NULL, NULL, 'externe', '1'),
(16385249965198, 25, 94, '03-12-2021', NULL, NULL, 'PNAE', '1'),
(16385249966531, 78, 94, '03-12-2021', NULL, NULL, '10', '1'),
(16385249967639, 83, 94, '03-12-2021', NULL, NULL, 'IEC', '1'),
(16385249968977, 84, 94, '03-12-2021', NULL, NULL, 'Juin', '1'),
(16385249970076, 85, 94, '03-12-2021', NULL, NULL, 'Jean', '1'),
(16385249971195, 99, 94, '03-12-2021', NULL, NULL, '1401840000000', '1'),
(16385249972972, 100, 94, '03-12-2021', NULL, NULL, 'oui', '1'),
(16385249974300, 101, 94, '03-12-2021', NULL, NULL, 'xx', '1'),
(16385249975627, 102, 94, '03-12-2021', NULL, NULL, 'yy', '1'),
(16385249976641, 103, 94, '03-12-2021', NULL, NULL, 'oui', '1'),
(16385249977841, 104, 94, '03-12-2021', NULL, NULL, 'Shapfile.pep2', '1'),
(16385249979303, 105, 94, '03-12-2021', NULL, NULL, 'externe', '1'),
(16385249980410, 107, 94, '03-12-2021', NULL, NULL, 'fokonolona', '1'),
(16385251677649, 55, 101, '03-12-2021', NULL, NULL, 'MEDD', '1'),
(16385251678901, 56, 101, '03-12-2021', NULL, NULL, 'DREDD', '1'),
(16385251680198, 57, 101, '03-12-2021', NULL, NULL, 'Atsimo Andrefana', '1'),
(16385251681187, 58, 101, '03-12-2021', NULL, NULL, 'TOLIARA I', '1'),
(16385251682269, 59, 101, '03-12-2021', NULL, NULL, 'MIARY', '1'),
(16385251683519, 60, 101, '03-12-2021', NULL, NULL, 'Belemboka', '1'),
(16385251686738, 61, 101, '03-12-2021', NULL, NULL, 'vao', '1'),
(16385251689572, 62, 101, '03-12-2021', NULL, NULL, 'domainiale', '1'),
(16385251690497, 63, 101, '03-12-2021', NULL, NULL, 'xxxxx', '1'),
(16385251691823, 64, 101, '03-12-2021', NULL, NULL, 'yyyyyy', '1'),
(16385251692826, 65, 101, '03-12-2021', NULL, NULL, 'sambo', '1'),
(16385251693796, 66, 101, '03-12-2021', NULL, NULL, 'restauration', '1'),
(16385251694641, 67, 101, '03-12-2021', NULL, NULL, 'zone sèche', '1'),
(16385251695564, 69, 101, '03-12-2021', NULL, NULL, '4000', '1'),
(16385251696644, 70, 101, '03-12-2021', NULL, NULL, '1000', '1'),
(16385251697723, 71, 101, '03-12-2021', NULL, NULL, 'acacia', '1'),
(16385251698796, 72, 101, '03-12-2021', NULL, NULL, '1637539200000', '1'),
(16385251700970, 73, 101, '03-12-2021', NULL, NULL, 'DREDD', '1'),
(16385251703038, 74, 101, '03-12-2021', NULL, NULL, '3000', '1'),
(16385251704110, 24, 101, '03-12-2021', NULL, NULL, 'INTERNE', '1'),
(16385251705193, 78, 101, '03-12-2021', NULL, NULL, '3', '1'),
(16385251706194, 80, 101, '03-12-2021', NULL, NULL, 'non', '1'),
(16385251707772, 99, 101, '03-12-2021', NULL, NULL, '1613088000000', '1'),
(16385251708848, 100, 101, '03-12-2021', NULL, NULL, 'OUI', '1'),
(16385251710268, 101, 101, '03-12-2021', NULL, NULL, 'XXX', '1'),
(16385251711264, 102, 101, '03-12-2021', NULL, NULL, 'YYY', '1'),
(16385251712331, 103, 101, '03-12-2021', NULL, NULL, 'OUI', '1'),
(16385251714009, 105, 101, '03-12-2021', NULL, NULL, 'EXTERNE', '1'),
(16385251715168, 106, 101, '03-12-2021', NULL, NULL, 'WWF', '1'),
(16385251716249, 107, 101, '03-12-2021', NULL, NULL, 'Rakoto', '1'),
(16385251717248, 108, 101, '03-12-2021', NULL, NULL, 'H', '1'),
(16385251718249, 109, 101, '03-12-2021', NULL, NULL, '3', '1'),
(16385251719317, 110, 101, '03-12-2021', NULL, NULL, '1', '1'),
(16385251720235, 112, 101, '03-12-2021', NULL, NULL, '250', '1'),
(16385251721338, 113, 101, '03-12-2021', NULL, NULL, '240', '1'),
(16385251722396, 55, 101, '03-12-2021', NULL, NULL, 'PNUD', '1'),
(16385251723397, 56, 101, '03-12-2021', NULL, NULL, 'DREDD', '1'),
(16385251724309, 57, 101, '03-12-2021', NULL, NULL, 'Atsimo Andrefana', '1'),
(16385251727309, 58, 101, '03-12-2021', NULL, NULL, 'TOLIARA I', '1'),
(16385251728455, 59, 101, '03-12-2021', NULL, NULL, 'MIARY', '1'),
(16385251729426, 60, 101, '03-12-2021', NULL, NULL, 'Belemboka', '1'),
(16385251730452, 61, 101, '03-12-2021', NULL, NULL, 'vao', '1'),
(16385251731440, 62, 101, '03-12-2021', NULL, NULL, 'domainiale', '1'),
(16385251732528, 63, 101, '03-12-2021', NULL, NULL, 'xxxxx', '1'),
(16385251733606, 64, 101, '03-12-2021', NULL, NULL, 'yyyyyy', '1'),
(16385251734682, 65, 101, '03-12-2021', NULL, NULL, 'sambo', '1'),
(16385251735603, 66, 101, '03-12-2021', NULL, NULL, 'restauration', '1'),
(16385251738426, 67, 101, '03-12-2021', NULL, NULL, 'zone sèche', '1'),
(16385251739924, 69, 101, '03-12-2021', NULL, NULL, '4000', '1'),
(16385251740758, 70, 101, '03-12-2021', NULL, NULL, '1000', '1'),
(16385251741836, 71, 101, '03-12-2021', NULL, NULL, 'acacia', '1'),
(16385251743072, 72, 101, '03-12-2021', NULL, NULL, '1633824000000', '1'),
(16385251744469, 73, 101, '03-12-2021', NULL, NULL, 'DREDD', '1'),
(16385251745627, 74, 101, '03-12-2021', NULL, NULL, '5000', '1'),
(16385251747167, 24, 101, '03-12-2021', NULL, NULL, 'Externe', '1'),
(16385251749151, 25, 101, '03-12-2021', NULL, NULL, 'APAA', '1'),
(16385251750147, 78, 101, '03-12-2021', NULL, NULL, '3', '1'),
(16385251751064, 80, 101, '03-12-2021', NULL, NULL, 'non', '1'),
(16385251752325, 99, 101, '03-12-2021', NULL, NULL, '1613088000000', '1'),
(16385251753473, 100, 101, '03-12-2021', NULL, NULL, 'OUI', '1'),
(16385251754556, 101, 101, '03-12-2021', NULL, NULL, 'XXX', '1'),
(16385251755637, 102, 101, '03-12-2021', NULL, NULL, 'YYY', '1'),
(16385251756713, 103, 101, '03-12-2021', NULL, NULL, 'OUI', '1'),
(16385251757711, 105, 101, '03-12-2021', NULL, NULL, 'EXTERNE', '1'),
(16385251759789, 106, 101, '03-12-2021', NULL, NULL, 'WWF', '1'),
(16385251760869, 107, 101, '03-12-2021', NULL, NULL, 'Rakoto', '1'),
(16385251762023, 108, 101, '03-12-2021', NULL, NULL, 'H', '1'),
(16385251763701, 109, 101, '03-12-2021', NULL, NULL, '3', '1'),
(16385251764604, 110, 101, '03-12-2021', NULL, NULL, '1', '1'),
(16385251765687, 112, 101, '03-12-2021', NULL, NULL, '250', '1'),
(16385251766982, 113, 101, '03-12-2021', NULL, NULL, '240', '1'),
(16385253324595, 55, 1, '03-12-2021', NULL, NULL, 'MEDD', '1'),
(16385253325552, 56, 1, '03-12-2021', NULL, NULL, 'CIREDD', '1'),
(16385253327316, 57, 1, '03-12-2021', NULL, NULL, 'Analamanga', '1'),
(16385253327984, 58, 1, '03-12-2021', NULL, NULL, 'Antananarivo Renivohitra', '1'),
(16385253328640, 59, 1, '03-12-2021', NULL, NULL, 'Alasora', '1'),
(16385253329310, 60, 1, '03-12-2021', NULL, NULL, 'Ambihijanaka', '1'),
(16385253330416, 61, 1, '03-12-2021', NULL, NULL, 'Ambatokely', '1'),
(16385253331196, 62, 1, '03-12-2021', NULL, NULL, 'DFN', '1'),
(16385253332078, 63, 1, '03-12-2021', NULL, NULL, '1233', '1'),
(16385253333071, 64, 1, '03-12-2021', NULL, NULL, '800', '1'),
(16385253333850, 65, 1, '03-12-2021', NULL, NULL, 'CIREDD', '1'),
(16385253334562, 66, 1, '03-12-2021', NULL, NULL, 'energetique', '1'),
(16385253335287, 67, 1, '03-12-2021', NULL, NULL, 'forêt sèche', '1'),
(16385253336009, 68, 1, '03-12-2021', NULL, NULL, 'communautaire', '1'),
(16385253336728, 69, 1, '03-12-2021', NULL, NULL, '500', '1'),
(16385253337501, 70, 1, '03-12-2021', NULL, NULL, '600000', '1'),
(16385253338277, 71, 1, '03-12-2021', NULL, NULL, 'paulownia', '1'),
(16385253339169, 72, 1, '03-12-2021', NULL, NULL, '1639785600000', '1'),
(16385253339937, 73, 1, '03-12-2021', NULL, NULL, 'DREDD Analamanga', '1'),
(16385253340718, 74, 1, '03-12-2021', NULL, NULL, '500', '1'),
(16385253341931, 75, 1, '03-12-2021', NULL, NULL, 'reboisement Antananarivo Renivohitra', '1'),
(16385253342927, 24, 1, '03-12-2021', NULL, NULL, 'interne', '1'),
(16385253343703, 78, 1, '03-12-2021', NULL, NULL, '1', '1'),
(16385253344526, 79, 1, '03-12-2021', NULL, NULL, '12', '1'),
(16385253345259, 80, 1, '03-12-2021', NULL, NULL, 'oui', '1'),
(16385253346027, 81, 1, '03-12-2021', NULL, NULL, '12', '1'),
(16385253346808, 82, 1, '03-12-2021', NULL, NULL, 'brulée reboisement Ant-Ren', '1'),
(16385253347578, 83, 1, '03-12-2021', NULL, NULL, '1', '1'),
(16385253348285, 84, 1, '03-12-2021', NULL, NULL, '1622592000000', '1'),
(16385253349013, 85, 1, '03-12-2021', NULL, NULL, 'DREDD Analamanga', '1'),
(16385253349792, 99, 1, '03-12-2021', NULL, NULL, '959904000000', '1'),
(16385253350503, 100, 1, '03-12-2021', NULL, NULL, 'oui', '1'),
(16385253351224, 103, 1, '03-12-2021', NULL, NULL, 'oui', '1'),
(16385253351949, 104, 1, '03-12-2021', NULL, NULL, 'pepin Antanivao', '1'),
(16385253352784, 105, 1, '03-12-2021', NULL, NULL, 'interne', '1'),
(16385253353551, 107, 1, '03-12-2021', NULL, NULL, 'Pépinière DREDD Analamanga', '1'),
(16385253354326, 109, 1, '03-12-2021', NULL, NULL, '60', '1'),
(16385253355109, 110, 1, '03-12-2021', NULL, NULL, '40', '1'),
(16385253355814, 111, 1, '03-12-2021', NULL, NULL, 'Paulownia', '1'),
(16385253356546, 112, 1, '03-12-2021', NULL, NULL, '700000', '1'),
(16385253357319, 113, 1, '03-12-2021', NULL, NULL, '600000', '1'),
(16385253358097, 55, 1, '03-12-2021', NULL, NULL, 'coba Tsinjo', '1'),
(16385253358869, 56, 1, '03-12-2021', NULL, NULL, 'CIREDD', '1'),
(16385253359643, 57, 1, '03-12-2021', NULL, NULL, 'Analamanga', '1'),
(16385253360351, 58, 1, '03-12-2021', NULL, NULL, 'Ambohidratrimo', '1'),
(16385253361244, 59, 1, '03-12-2021', NULL, NULL, 'Ranovelona', '1'),
(16385253361966, 60, 1, '03-12-2021', NULL, NULL, 'Tanambao', '1'),
(16385253362743, 61, 1, '03-12-2021', NULL, NULL, 'Antanetikely', '1'),
(16385253363511, 62, 1, '03-12-2021', NULL, NULL, 'DFN', '1'),
(16385253364290, 63, 1, '03-12-2021', NULL, NULL, '1122', '1'),
(16385253365061, 64, 1, '03-12-2021', NULL, NULL, '900', '1'),
(16385253365736, 65, 1, '03-12-2021', NULL, NULL, 'Tsinjo', '1'),
(16385253366886, 66, 1, '03-12-2021', NULL, NULL, 'restauration', '1'),
(16385253367949, 67, 1, '03-12-2021', NULL, NULL, 'forêt humide', '1'),
(16385253368669, 68, 1, '03-12-2021', NULL, NULL, 'individuelle', '1'),
(16385253369794, 69, 1, '03-12-2021', NULL, NULL, '10', '1'),
(16385253370898, 70, 1, '03-12-2021', NULL, NULL, '10000', '1'),
(16385253372004, 71, 1, '03-12-2021', NULL, NULL, 'paulownia', '1'),
(16385253373110, 72, 1, '03-12-2021', NULL, NULL, '1638489600000', '1'),
(16385253373885, 73, 1, '03-12-2021', NULL, NULL, 'DREDD Analamanga', '1'),
(16385253374992, 74, 1, '03-12-2021', NULL, NULL, '10', '1'),
(16385253375965, 75, 1, '03-12-2021', NULL, NULL, 'reboi', '1'),
(16385253377206, 55, 1, '03-12-2021', NULL, NULL, 'Mimi', '1'),
(16385253378313, 56, 1, '03-12-2021', NULL, NULL, 'DREDD', '1'),
(16385253379429, 57, 1, '03-12-2021', NULL, NULL, 'Analamanga', '1'),
(16385253380862, 58, 1, '03-12-2021', NULL, NULL, 'Ambohidratrimo', '1'),
(16385253382073, 59, 1, '03-12-2021', NULL, NULL, 'Ranovelona', '1'),
(16385253383186, 60, 1, '03-12-2021', NULL, NULL, 'Tanambao', '1'),
(16385253384297, 61, 1, '03-12-2021', NULL, NULL, 'Ankorahotra', '1'),
(16385253385396, 62, 1, '03-12-2021', NULL, NULL, 'Privé', '1'),
(16385253386610, 63, 1, '03-12-2021', NULL, NULL, '1004', '1'),
(16385253387392, 64, 1, '03-12-2021', NULL, NULL, '950', '1'),
(16385253388167, 65, 1, '03-12-2021', NULL, NULL, 'Mimi', '1'),
(16385253388940, 66, 1, '03-12-2021', NULL, NULL, 'Bois d\'œuvre', '1'),
(16385253389906, 67, 1, '03-12-2021', NULL, NULL, 'forêt humide', '1'),
(16385253390718, 68, 1, '03-12-2021', NULL, NULL, 'individuelle', '1'),
(16385253391469, 69, 1, '03-12-2021', NULL, NULL, '10', '1'),
(16385253392483, 70, 1, '03-12-2021', NULL, NULL, '10000', '1'),
(16385253393701, 71, 1, '03-12-2021', NULL, NULL, 'paulownia', '1'),
(16385253394586, 72, 1, '03-12-2021', NULL, NULL, '1639872000000', '1'),
(16385253395551, 73, 1, '03-12-2021', NULL, NULL, 'DREDD Analamanga', '1'),
(16385253396576, 74, 1, '03-12-2021', NULL, NULL, '10', '1'),
(16385253397576, 75, 1, '03-12-2021', NULL, NULL, 'reboisement Antananarivo Renivohitra', '1'),
(16385253672483, 55, 44, '03-12-2021', NULL, NULL, 'CONSERVATIONN INTERNATIONAL', '1'),
(16385253674641, 56, 44, '03-12-2021', NULL, NULL, 'DREDD Haute Matsiatra', '1'),
(16385253676397, 57, 44, '03-12-2021', NULL, NULL, 'Haute Matsiatra', '1'),
(16385253677966, 58, 44, '03-12-2021', NULL, NULL, 'Lalangina', '1'),
(16385253681760, 59, 44, '03-12-2021', NULL, NULL, 'Androy', '1'),
(16385253683820, 60, 44, '03-12-2021', NULL, NULL, 'Sahavondronana', '1'),
(16385253685302, 61, 44, '03-12-2021', NULL, NULL, 'Sahavondronana', '1'),
(16385253686645, 62, 44, '03-12-2021', NULL, NULL, 'DFN', '1'),
(16385253687644, 63, 44, '03-12-2021', NULL, NULL, 'XXXX', '1'),
(16385253688996, 64, 44, '03-12-2021', NULL, NULL, 'YYYY', '1'),
(16385253690727, 65, 44, '03-12-2021', NULL, NULL, 'VOI 3F', '1'),
(16385253691722, 66, 44, '03-12-2021', NULL, NULL, 'Restauration', '1'),
(16385253692729, 67, 44, '03-12-2021', NULL, NULL, 'forèt humide', '1'),
(16385253693989, 68, 44, '03-12-2021', NULL, NULL, 'communautaire', '1'),
(16385253695484, 69, 44, '03-12-2021', NULL, NULL, '30', '1'),
(16385253698322, 70, 44, '03-12-2021', NULL, NULL, '3000', '1'),
(16385253699643, 71, 44, '03-12-2021', NULL, NULL, 'Harongana', '1'),
(16385253701157, 72, 44, '03-12-2021', NULL, NULL, '1638489600000', '1'),
(16385253703087, 73, 44, '03-12-2021', NULL, NULL, 'sngf', '1'),
(16385253704568, 74, 44, '03-12-2021', NULL, NULL, '3', '1'),
(16385253705644, 75, 44, '03-12-2021', NULL, NULL, 'vftt', '1'),
(16385253706912, 24, 44, '03-12-2021', NULL, NULL, 'externe', '1'),
(16385253708494, 25, 44, '03-12-2021', NULL, NULL, 'slem', '1'),
(16385253710068, 78, 44, '03-12-2021', NULL, NULL, '10', '1'),
(16385253711560, 79, 44, '03-12-2021', NULL, NULL, 'sac à eau, battage', '1'),
(16385253713061, 80, 44, '03-12-2021', NULL, NULL, 'oui', '1'),
(16385253714561, 81, 44, '03-12-2021', NULL, NULL, '1', '1'),
(16385253715722, 82, 44, '03-12-2021', NULL, NULL, 'vff', '1'),
(16385253716641, 83, 44, '03-12-2021', NULL, NULL, 'sensibilisation', '1'),
(16385253717573, 84, 44, '03-12-2021', NULL, NULL, '31/11/21', '1'),
(16385253718906, 85, 44, '03-12-2021', NULL, NULL, 'Franck', '1'),
(16385253719817, 86, 44, '03-12-2021', NULL, NULL, 'oui', '1'),
(16385253721165, 87, 44, '03-12-2021', NULL, NULL, '1637884800000', '1'),
(16385253722821, 88, 44, '03-12-2021', NULL, NULL, 'non', '1'),
(16385253723986, 92, 44, '03-12-2021', NULL, NULL, 'VOI 3FT', '1'),
(16385253725747, 99, 44, '03-12-2021', NULL, NULL, '2009', '1'),
(16385253727325, 107, 44, '03-12-2021', NULL, NULL, 'VOI 3ft', '1'),
(16385253728730, 108, 44, '03-12-2021', NULL, NULL, 'm', '1'),
(16385253730490, 109, 44, '03-12-2021', NULL, NULL, '90', '1'),
(16385253731720, 110, 44, '03-12-2021', NULL, NULL, '45', '1'),
(16385253733242, 111, 44, '03-12-2021', NULL, NULL, 'harongana', '1'),
(16385253734641, 112, 44, '03-12-2021', NULL, NULL, '10000', '1'),
(16385253735810, 113, 44, '03-12-2021', NULL, NULL, '3000', '1'),
(16385253737114, 55, 44, '03-12-2021', NULL, NULL, 'PLAE IV', '1'),
(16385253738491, 56, 44, '03-12-2021', NULL, NULL, 'DREDD', '1'),
(16385253739984, 57, 44, '03-12-2021', NULL, NULL, 'Ihorombe', '1'),
(16385253741068, 58, 44, '03-12-2021', NULL, NULL, 'Ivohibe', '1'),
(16385253742313, 59, 44, '03-12-2021', NULL, NULL, 'Ivongo', '1'),
(16385253743394, 60, 44, '03-12-2021', NULL, NULL, 'Ivongo', '1'),
(16385253744484, 61, 44, '03-12-2021', NULL, NULL, 'Ivongo', '1'),
(16385253745648, 62, 44, '03-12-2021', NULL, NULL, 'DFN', '1'),
(16385253746909, 63, 44, '03-12-2021', NULL, NULL, 'XXXX', '1'),
(16385253748257, 64, 44, '03-12-2021', NULL, NULL, 'YYYY', '1'),
(16385253749748, 65, 44, '03-12-2021', NULL, NULL, 'Kaoperative Maintso', '1'),
(16385253751667, 66, 44, '03-12-2021', NULL, NULL, 'Restauration', '1'),
(16385253753491, 67, 44, '03-12-2021', NULL, NULL, 'forèt sèche', '1'),
(16385253754734, 68, 44, '03-12-2021', NULL, NULL, 'communautaire', '1'),
(16385253755734, 69, 44, '03-12-2021', NULL, NULL, '50', '1'),
(16385253757260, 70, 44, '03-12-2021', NULL, NULL, '500', '1'),
(16385253758645, 71, 44, '03-12-2021', NULL, NULL, 'Harongana', '1'),
(16385253759744, 72, 44, '03-12-2021', NULL, NULL, '1638576000000', '1'),
(16385253760905, 73, 44, '03-12-2021', NULL, NULL, 'sngf', '1'),
(16385253762595, 74, 44, '03-12-2021', NULL, NULL, '4', '1'),
(16385253764064, 75, 44, '03-12-2021', NULL, NULL, 'vftt', '1'),
(16385253765068, 24, 44, '03-12-2021', NULL, NULL, 'externe', '1'),
(16385253766583, 25, 44, '03-12-2021', NULL, NULL, 'slem', '1'),
(16385253767982, 78, 44, '03-12-2021', NULL, NULL, '11', '1'),
(16385253771088, 79, 44, '03-12-2021', NULL, NULL, 'sac à eau, battage', '1'),
(16385253773152, 80, 44, '03-12-2021', NULL, NULL, 'oui', '1'),
(16385253775098, 81, 44, '03-12-2021', NULL, NULL, '2', '1'),
(16385253776752, 82, 44, '03-12-2021', NULL, NULL, 'vff', '1'),
(16385253778498, 83, 44, '03-12-2021', NULL, NULL, 'sensibilisation', '1'),
(16385253779651, 84, 44, '03-12-2021', NULL, NULL, '31/11/22', '1'),
(16385253781001, 85, 44, '03-12-2021', NULL, NULL, 'Franck', '1'),
(16385253782759, 86, 44, '03-12-2021', NULL, NULL, 'oui', '1'),
(16385253783980, 87, 44, '03-12-2021', NULL, NULL, '1637971200000', '1'),
(16385253785325, 88, 44, '03-12-2021', NULL, NULL, 'non', '1'),
(16385253786822, 92, 44, '03-12-2021', NULL, NULL, 'VOI 3FT', '1'),
(16385253788911, 99, 44, '03-12-2021', NULL, NULL, '2010', '1'),
(16385253791009, 107, 44, '03-12-2021', NULL, NULL, 'VOI 3ft', '1'),
(16385253792315, 108, 44, '03-12-2021', NULL, NULL, 'm', '1'),
(16385253793403, 109, 44, '03-12-2021', NULL, NULL, '90', '1'),
(16385253794326, 110, 44, '03-12-2021', NULL, NULL, '45', '1'),
(16385253795242, 111, 44, '03-12-2021', NULL, NULL, 'harongana', '1'),
(16385253796506, 112, 44, '03-12-2021', NULL, NULL, '10000', '1'),
(16385253798063, 113, 44, '03-12-2021', NULL, NULL, '3000', '1'),
(16385253799497, 55, 44, '03-12-2021', NULL, NULL, 'CONSERVATIONN INTERNATIONAL', '1'),
(16385253800743, 56, 44, '03-12-2021', NULL, NULL, 'DREDD Haute Matsiatra', '1'),
(16385253801999, 57, 44, '03-12-2021', NULL, NULL, 'Haute Matsiatra', '1'),
(16385253803589, 58, 44, '03-12-2021', NULL, NULL, 'Lalangina', '1'),
(16385253804568, 59, 44, '03-12-2021', NULL, NULL, 'Androy', '1'),
(16385253805586, 60, 44, '03-12-2021', NULL, NULL, 'Sahavondronana', '1'),
(16385253806827, 61, 44, '03-12-2021', NULL, NULL, 'Sahavondronana', '1'),
(16385253807828, 62, 44, '03-12-2021', NULL, NULL, 'DFN', '1'),
(16385253810167, 63, 44, '03-12-2021', NULL, NULL, 'XXXX', '1'),
(16385253811910, 64, 44, '03-12-2021', NULL, NULL, 'YYYY', '1'),
(16385253813151, 65, 44, '03-12-2021', NULL, NULL, 'VOI 3F', '1'),
(16385253814246, 66, 44, '03-12-2021', NULL, NULL, 'Restauration', '1'),
(16385253815327, 67, 44, '03-12-2021', NULL, NULL, 'forèt humide', '1'),
(16385253816985, 68, 44, '03-12-2021', NULL, NULL, 'communautaire', '1'),
(16385253818070, 69, 44, '03-12-2021', NULL, NULL, '30', '1'),
(16385253819169, 70, 44, '03-12-2021', NULL, NULL, '3000', '1'),
(16385253820400, 71, 44, '03-12-2021', NULL, NULL, 'Harongana', '1');
INSERT INTO `reponse_non_valide` (`id`, `question_id`, `user_id`, `date`, `link_gps`, `link_photo`, `reponse`, `comment`) VALUES
(16385253821400, 72, 44, '03-12-2021', NULL, NULL, '1638662400000', '1'),
(16385253822405, 73, 44, '03-12-2021', NULL, NULL, 'sngf', '1'),
(16385253823405, 74, 44, '03-12-2021', NULL, NULL, '5', '1'),
(16385253824234, 75, 44, '03-12-2021', NULL, NULL, 'vftt', '1'),
(16385253826259, 24, 44, '03-12-2021', NULL, NULL, 'externe', '1'),
(16385253827733, 25, 44, '03-12-2021', NULL, NULL, 'slem', '1'),
(16385253828820, 78, 44, '03-12-2021', NULL, NULL, '12', '1'),
(16385253830076, 79, 44, '03-12-2021', NULL, NULL, 'sac à eau, battage', '1'),
(16385253831323, 80, 44, '03-12-2021', NULL, NULL, 'oui', '1'),
(16385253832326, 81, 44, '03-12-2021', NULL, NULL, '3', '1'),
(16385253833835, 82, 44, '03-12-2021', NULL, NULL, 'vff', '1'),
(16385253834985, 83, 44, '03-12-2021', NULL, NULL, 'sensibilisation', '1'),
(16385253836400, 84, 44, '03-12-2021', NULL, NULL, '31/11/23', '1'),
(16385253837661, 85, 44, '03-12-2021', NULL, NULL, 'Franck', '1'),
(16385253839178, 86, 44, '03-12-2021', NULL, NULL, 'oui', '1'),
(16385253840487, 87, 44, '03-12-2021', NULL, NULL, '1638057600000', '1'),
(16385253842001, 88, 44, '03-12-2021', NULL, NULL, 'non', '1'),
(16385253843241, 92, 44, '03-12-2021', NULL, NULL, 'VOI 3FT', '1'),
(16385253844408, 99, 44, '03-12-2021', NULL, NULL, '2011', '1'),
(16385253845737, 107, 44, '03-12-2021', NULL, NULL, 'VOI 3ft', '1'),
(16385253846829, 108, 44, '03-12-2021', NULL, NULL, 'm', '1'),
(16385253848328, 109, 44, '03-12-2021', NULL, NULL, '90', '1'),
(16385253849573, 110, 44, '03-12-2021', NULL, NULL, '45', '1'),
(16385253850839, 111, 44, '03-12-2021', NULL, NULL, 'harongana', '1'),
(16385253852078, 112, 44, '03-12-2021', NULL, NULL, '10000', '1'),
(16385253853082, 113, 44, '03-12-2021', NULL, NULL, '3000', '1'),
(16385253854245, 55, 44, '03-12-2021', NULL, NULL, 'GRET', '1'),
(16385253855346, 56, 44, '03-12-2021', NULL, NULL, 'DREDD Haute Matsiatra', '1'),
(16385253856916, 57, 44, '03-12-2021', NULL, NULL, 'Haute Matsiatra', '1'),
(16385253857749, 58, 44, '03-12-2021', NULL, NULL, 'Lalangina', '1'),
(16385253859411, 59, 44, '03-12-2021', NULL, NULL, 'Androy', '1'),
(16385253860790, 60, 44, '03-12-2021', NULL, NULL, 'Sahavondronana', '1'),
(16385253862638, 61, 44, '03-12-2021', NULL, NULL, 'Sahavondronana', '1'),
(16385253863871, 62, 44, '03-12-2021', NULL, NULL, 'DFN', '1'),
(16385253865123, 63, 44, '03-12-2021', NULL, NULL, 'XXXX', '1'),
(16385253866297, 64, 44, '03-12-2021', NULL, NULL, 'YYYY', '1'),
(16385253867213, 65, 44, '03-12-2021', NULL, NULL, 'VOI 3F', '1'),
(16385253868290, 66, 44, '03-12-2021', NULL, NULL, 'Restauration', '1'),
(16385253869294, 67, 44, '03-12-2021', NULL, NULL, 'forèt humide', '1'),
(16385253870374, 68, 44, '03-12-2021', NULL, NULL, 'communautaire', '1'),
(16385253871372, 69, 44, '03-12-2021', NULL, NULL, '30', '1'),
(16385253872382, 70, 44, '03-12-2021', NULL, NULL, '3000', '1'),
(16385253873469, 71, 44, '03-12-2021', NULL, NULL, 'Harongana', '1'),
(16385253874620, 72, 44, '03-12-2021', NULL, NULL, '1638748800000', '1'),
(16385253876120, 73, 44, '03-12-2021', NULL, NULL, 'sngf', '1'),
(16385253877211, 74, 44, '03-12-2021', NULL, NULL, '6', '1'),
(16385253878375, 75, 44, '03-12-2021', NULL, NULL, 'vftt', '1'),
(16385253879627, 24, 44, '03-12-2021', NULL, NULL, 'externe', '1'),
(16385253881144, 25, 44, '03-12-2021', NULL, NULL, 'slem', '1'),
(16385253882461, 78, 44, '03-12-2021', NULL, NULL, '13', '1'),
(16385253884145, 79, 44, '03-12-2021', NULL, NULL, 'sac à eau, battage', '1'),
(16385253885987, 80, 44, '03-12-2021', NULL, NULL, 'oui', '1'),
(16385253887298, 81, 44, '03-12-2021', NULL, NULL, '4', '1'),
(16385253888395, 82, 44, '03-12-2021', NULL, NULL, 'vff', '1'),
(16385253889637, 83, 44, '03-12-2021', NULL, NULL, 'sensibilisation', '1'),
(16385253890876, 84, 44, '03-12-2021', NULL, NULL, '31/11/24', '1'),
(16385253891960, 85, 44, '03-12-2021', NULL, NULL, 'Franck', '1'),
(16385253893136, 86, 44, '03-12-2021', NULL, NULL, 'oui', '1'),
(16385253894473, 87, 44, '03-12-2021', NULL, NULL, '1638144000000', '1'),
(16385253895881, 88, 44, '03-12-2021', NULL, NULL, 'non', '1'),
(16385253897132, 92, 44, '03-12-2021', NULL, NULL, 'VOI 3FT', '1'),
(16385253898388, 99, 44, '03-12-2021', NULL, NULL, '2012', '1'),
(16385253899384, 107, 44, '03-12-2021', NULL, NULL, 'VOI 3ft', '1'),
(16385253900552, 108, 44, '03-12-2021', NULL, NULL, 'm', '1'),
(16385253901916, 109, 44, '03-12-2021', NULL, NULL, '90', '1'),
(16385253903390, 110, 44, '03-12-2021', NULL, NULL, '45', '1'),
(16385253905137, 111, 44, '03-12-2021', NULL, NULL, 'harongana', '1'),
(16385253907061, 112, 44, '03-12-2021', NULL, NULL, '10000', '1'),
(16385253908296, 113, 44, '03-12-2021', NULL, NULL, '3000', '1'),
(16385253909813, 55, 44, '03-12-2021', NULL, NULL, 'CONSERVATIONN INTERNATIONAL', '1'),
(16385253911719, 56, 44, '03-12-2021', NULL, NULL, 'DREDD Haute Matsiatra', '1'),
(16385253912966, 57, 44, '03-12-2021', NULL, NULL, 'Haute Matsiatra', '1'),
(16385253913880, 58, 44, '03-12-2021', NULL, NULL, 'Lalangina', '1'),
(16385253914881, 59, 44, '03-12-2021', NULL, NULL, 'Androy', '1'),
(16385253915968, 60, 44, '03-12-2021', NULL, NULL, 'Sahavondronana', '1'),
(16385253916794, 61, 44, '03-12-2021', NULL, NULL, 'Sahavondronana', '1'),
(16385253918222, 62, 44, '03-12-2021', NULL, NULL, 'DFN', '1'),
(16385253919714, 63, 44, '03-12-2021', NULL, NULL, 'XXXX', '1'),
(16385253920807, 64, 44, '03-12-2021', NULL, NULL, 'YYYY', '1'),
(16385253921795, 65, 44, '03-12-2021', NULL, NULL, 'VOI 3F', '1'),
(16385253922883, 66, 44, '03-12-2021', NULL, NULL, 'Restauration', '1'),
(16385253924041, 67, 44, '03-12-2021', NULL, NULL, 'forèt humide', '1'),
(16385253925218, 68, 44, '03-12-2021', NULL, NULL, 'communautaire', '1'),
(16385253926135, 69, 44, '03-12-2021', NULL, NULL, '30', '1'),
(16385253927215, 70, 44, '03-12-2021', NULL, NULL, '3000', '1'),
(16385253928386, 71, 44, '03-12-2021', NULL, NULL, 'Harongana', '1'),
(16385253929468, 72, 44, '03-12-2021', NULL, NULL, '1638835200000', '1'),
(16385253930635, 73, 44, '03-12-2021', NULL, NULL, 'sngf', '1'),
(16385253931968, 74, 44, '03-12-2021', NULL, NULL, '7', '1'),
(16385253933740, 75, 44, '03-12-2021', NULL, NULL, 'vftt', '1'),
(16385253935136, 24, 44, '03-12-2021', NULL, NULL, 'externe', '1'),
(16385253936239, 25, 44, '03-12-2021', NULL, NULL, 'slem', '1'),
(16385253938312, 78, 44, '03-12-2021', NULL, NULL, '14', '1'),
(16385253939634, 79, 44, '03-12-2021', NULL, NULL, 'sac à eau, battage', '1'),
(16385253940633, 80, 44, '03-12-2021', NULL, NULL, 'oui', '1'),
(16385253941633, 81, 44, '03-12-2021', NULL, NULL, '5', '1'),
(16385253943311, 82, 44, '03-12-2021', NULL, NULL, 'vff', '1'),
(16385253944636, 83, 44, '03-12-2021', NULL, NULL, 'sensibilisation', '1'),
(16385253946076, 84, 44, '03-12-2021', NULL, NULL, '31/11/25', '1'),
(16385253947568, 85, 44, '03-12-2021', NULL, NULL, 'Franck', '1'),
(16385253949141, 86, 44, '03-12-2021', NULL, NULL, 'oui', '1'),
(16385253950388, 87, 44, '03-12-2021', NULL, NULL, '1638230400000', '1'),
(16385253951384, 88, 44, '03-12-2021', NULL, NULL, 'non', '1'),
(16385253952383, 92, 44, '03-12-2021', NULL, NULL, 'VOI 3FT', '1'),
(16385253953657, 99, 44, '03-12-2021', NULL, NULL, '2013', '1'),
(16385253955484, 107, 44, '03-12-2021', NULL, NULL, 'VOI 3ft', '1'),
(16385253956801, 108, 44, '03-12-2021', NULL, NULL, 'm', '1'),
(16385253958399, 109, 44, '03-12-2021', NULL, NULL, '90', '1'),
(16385253960061, 110, 44, '03-12-2021', NULL, NULL, '45', '1'),
(16385253963015, 111, 44, '03-12-2021', NULL, NULL, 'harongana', '1'),
(16385253964302, 112, 44, '03-12-2021', NULL, NULL, '10000', '1'),
(16385253965324, 113, 44, '03-12-2021', NULL, NULL, '3000', '1'),
(16385256694588, 55, 101, '03-12-2021', NULL, NULL, 'MEDD', '1'),
(16385256695775, 56, 101, '03-12-2021', NULL, NULL, 'DREDD', '1'),
(16385256697094, 57, 101, '03-12-2021', NULL, NULL, 'Atsimo andrefana', '1'),
(16385256698674, 58, 101, '03-12-2021', NULL, NULL, 'SAKARAHA', '1'),
(16385256699916, 61, 101, '03-12-2021', NULL, NULL, 'SAKARAHA', '1'),
(16385256701348, 62, 101, '03-12-2021', NULL, NULL, 'DFN', '1'),
(16385256702460, 63, 101, '03-12-2021', NULL, NULL, 'XX', '1'),
(16385256703811, 64, 101, '03-12-2021', NULL, NULL, 'YY', '1'),
(16385256705239, 65, 101, '03-12-2021', NULL, NULL, 'William', '1'),
(16385256706825, 66, 101, '03-12-2021', NULL, NULL, 'restauration', '1'),
(16385256708135, 67, 101, '03-12-2021', NULL, NULL, 'forêt sèche', '1'),
(16385256709494, 68, 101, '03-12-2021', NULL, NULL, 'sectorielle', '1'),
(16385256710881, 69, 101, '03-12-2021', NULL, NULL, '200', '1'),
(16385256712452, 70, 101, '03-12-2021', NULL, NULL, '200000', '1'),
(16385256713593, 71, 101, '03-12-2021', NULL, NULL, 'Karabo, acassia, tsinefo', '1'),
(16385256715038, 72, 101, '03-12-2021', NULL, NULL, '03 dec 2021', '1'),
(16385256717354, 73, 101, '03-12-2021', NULL, NULL, 'pepinière sakaraha', '1'),
(16385256719112, 74, 101, '03-12-2021', NULL, NULL, '200', '1'),
(16385256720335, 75, 101, '03-12-2021', NULL, NULL, 'reboisement.shp', '1'),
(16385256721679, 24, 101, '03-12-2021', NULL, NULL, 'interne', '1'),
(16385256722786, 79, 101, '03-12-2021', NULL, NULL, 'battage, sac à eau', '1'),
(16385256724002, 80, 101, '03-12-2021', NULL, NULL, 'oui', '1'),
(16385256725128, 83, 101, '03-12-2021', NULL, NULL, 'sensibilisation', '1'),
(16385256726234, 84, 101, '03-12-2021', NULL, NULL, '3122021', '1'),
(16385256727357, 85, 101, '03-12-2021', NULL, NULL, 'CEF', '1'),
(16385256728584, 55, 101, '03-12-2021', NULL, NULL, 'RAJAO', '1'),
(16385256729818, 56, 101, '03-12-2021', NULL, NULL, 'Part', '1'),
(16385256731023, 57, 101, '03-12-2021', NULL, NULL, 'Atsimo Andrefana', '1'),
(16385256732245, 58, 101, '03-12-2021', NULL, NULL, 'SAKARAHA', '1'),
(16385256733599, 61, 101, '03-12-2021', NULL, NULL, 'SAKARAHA', '1'),
(16385256734930, 62, 101, '03-12-2021', NULL, NULL, 'particulier', '1'),
(16385319647055, 55, 16384503812310, '03-12-2021', NULL, NULL, 'ADRA FIOVANA', '1'),
(16385319651418, 56, 16384503812310, '03-12-2021', NULL, NULL, 'DREDD /CIREDD', '1'),
(16385319652427, 57, 16384503812310, '03-12-2021', NULL, NULL, 'VATOVAVY FITOVINANY', '1'),
(16385319655088, 58, 16384503812310, '03-12-2021', NULL, NULL, 'Manakara', '1'),
(16385319657077, 59, 16384503812310, '03-12-2021', NULL, NULL, 'VOHIMASINA', '1'),
(16385319657981, 60, 16384503812310, '03-12-2021', NULL, NULL, 'ANDROTSY', '1'),
(16385319659635, 62, 16384503812310, '03-12-2021', NULL, NULL, 'DFN', '1'),
(16385319660419, 63, 16384503812310, '03-12-2021', NULL, NULL, '48.174107399214', '1'),
(16385319661317, 64, 16384503812310, '03-12-2021', NULL, NULL, '-21.743636438914', '1'),
(16385319662315, 65, 16384503812310, '03-12-2021', NULL, NULL, 'DREDD', '1'),
(16385319665744, 66, 16384503812310, '03-12-2021', NULL, NULL, 'culture de rente', '1'),
(16385319667637, 67, 16384503812310, '03-12-2021', NULL, NULL, 'foret humide', '1'),
(16385319669301, 68, 16384503812310, '03-12-2021', NULL, NULL, 'communautaire', '1'),
(16385319671200, 70, 16384503812310, '03-12-2021', NULL, NULL, '2000', '1'),
(16385319672197, 71, 16384503812310, '03-12-2021', NULL, NULL, 'BAMBOU', '1'),
(16385319674866, 72, 16384503812310, '03-12-2021', NULL, NULL, '1636675200000', '1'),
(16385319675633, 74, 16384503812310, '03-12-2021', NULL, NULL, '15', '1'),
(16385319676427, 75, 16384503812310, '03-12-2021', NULL, NULL, 'shp', '1'),
(16385319678089, 24, 16384503812310, '03-12-2021', NULL, NULL, 'externe', '1'),
(16385319680098, 78, 16384503812310, '03-12-2021', NULL, NULL, '10', '1'),
(16385319683643, 79, 16384503812310, '03-12-2021', NULL, NULL, 'Sac à eau, battage', '1'),
(16385319689075, 80, 16384503812310, '03-12-2021', NULL, NULL, 'oui', '1'),
(16385319692199, 83, 16384503812310, '03-12-2021', NULL, NULL, 'sensibilisation', '1'),
(16385319695632, 84, 16384503812310, '03-12-2021', NULL, NULL, '1631404800000', '1'),
(16385319696422, 95, 16384503812310, '03-12-2021', NULL, NULL, '1633996800000', '1'),
(16385319698301, 103, 16384503812310, '03-12-2021', NULL, NULL, 'oui', '1'),
(16385319700632, 104, 16384503812310, '03-12-2021', NULL, NULL, 'shp', '1'),
(16385319701641, 105, 16384503812310, '03-12-2021', NULL, NULL, 'interne', '1'),
(16385319705648, 107, 16384503812310, '03-12-2021', NULL, NULL, 'rakoto', '1'),
(16385319706642, 108, 16384503812310, '03-12-2021', NULL, NULL, 'H', '1'),
(16385319708199, 55, 16384503812310, '03-12-2021', NULL, NULL, 'FID', '1'),
(16385319708970, 56, 16384503812310, '03-12-2021', NULL, NULL, 'DREDD /CIREDD', '1'),
(16385319709963, 57, 16384503812310, '03-12-2021', NULL, NULL, 'VATOVAVY FITOVINANY', '1'),
(16385319713647, 58, 16384503812310, '03-12-2021', NULL, NULL, 'Manakara', '1'),
(16385319718850, 59, 16384503812310, '03-12-2021', NULL, NULL, 'Mahabako', '1'),
(16385319720529, 60, 16384503812310, '03-12-2021', NULL, NULL, 'Andemaka', '1'),
(16385319721531, 62, 16384503812310, '03-12-2021', NULL, NULL, 'TERRAIN PRIVE', '1'),
(16385319724088, 63, 16384503812310, '03-12-2021', NULL, NULL, '48.174107399214', '1'),
(16385319724861, 64, 16384503812310, '03-12-2021', NULL, NULL, '-21.743636438914', '1'),
(16385319729741, 65, 16384503812310, '03-12-2021', NULL, NULL, 'DREDD', '1'),
(16385319730525, 66, 16384503812310, '03-12-2021', NULL, NULL, 'culture de rente', '1'),
(16385319732193, 67, 16384503812310, '03-12-2021', NULL, NULL, 'foret humide', '1'),
(16385319733071, 68, 16384503812310, '03-12-2021', NULL, NULL, 'communautaire', '1'),
(16385319733863, 70, 16384503812310, '03-12-2021', NULL, NULL, '2000', '1'),
(16385319736196, 71, 16384503812310, '03-12-2021', NULL, NULL, 'BAMBOU', '1'),
(16385319738309, 72, 16384503812310, '03-12-2021', NULL, NULL, '1636761600000', '1'),
(16385319739318, 74, 16384503812310, '03-12-2021', NULL, NULL, '50', '1'),
(16385319742416, 75, 16384503812310, '03-12-2021', NULL, NULL, 'shp', '1'),
(16385319743311, 24, 16384503812310, '03-12-2021', NULL, NULL, 'externe', '1'),
(16385319744191, 78, 16384503812310, '03-12-2021', NULL, NULL, '11', '1'),
(16385319746636, 79, 16384503812310, '03-12-2021', NULL, NULL, 'Sac à eau, battage', '1'),
(16385319747419, 80, 16384503812310, '03-12-2021', NULL, NULL, 'oui', '1'),
(16385319751093, 83, 16384503812310, '03-12-2021', NULL, NULL, 'sensibilisation', '1'),
(16385319753545, 84, 16384503812310, '03-12-2021', NULL, NULL, '1631491200000', '1'),
(16385319754646, 95, 16384503812310, '03-12-2021', NULL, NULL, '1634083200000', '1'),
(16385319756427, 103, 16384503812310, '03-12-2021', NULL, NULL, 'oui', '1'),
(16385319757310, 104, 16384503812310, '03-12-2021', NULL, NULL, 'shp', '1'),
(16385319758207, 105, 16384503812310, '03-12-2021', NULL, NULL, 'interne', '1'),
(16385319761521, 107, 16384503812310, '03-12-2021', NULL, NULL, 'rakoto', '1'),
(16385319762420, 108, 16384503812310, '03-12-2021', NULL, NULL, 'H', '1'),
(16385319763548, 55, 16384503812310, '03-12-2021', NULL, NULL, 'ADRA FIOVANA', '1'),
(16385319767985, 56, 16384503812310, '03-12-2021', NULL, NULL, 'DREDD /CIREDD', '1'),
(16385319769093, 57, 16384503812310, '03-12-2021', NULL, NULL, 'VATOVAVY FITOVINANY', '1'),
(16385319771761, 58, 16384503812310, '03-12-2021', NULL, NULL, 'Manakara', '1'),
(16385319772977, 59, 16384503812310, '03-12-2021', NULL, NULL, 'VOHIMASINA', '1'),
(16385319773988, 60, 16384503812310, '03-12-2021', NULL, NULL, 'ANDROTSY', '1'),
(16385319776420, 62, 16384503812310, '03-12-2021', NULL, NULL, 'TERRAIN PRIVE', '1'),
(16385319777302, 63, 16384503812310, '03-12-2021', NULL, NULL, '48.174107399214', '1'),
(16385319778093, 64, 16384503812310, '03-12-2021', NULL, NULL, '-21.743636438914', '1'),
(16385319778873, 65, 16384503812310, '03-12-2021', NULL, NULL, 'DREDD', '1'),
(16385319780857, 66, 16384503812310, '03-12-2021', NULL, NULL, 'culture de rente', '1'),
(16385319783208, 67, 16384503812310, '03-12-2021', NULL, NULL, 'foret humide', '1'),
(16385319785753, 68, 16384503812310, '03-12-2021', NULL, NULL, 'communautaire', '1'),
(16385319788869, 70, 16384503812310, '03-12-2021', NULL, NULL, '2000', '1'),
(16385319790865, 71, 16384503812310, '03-12-2021', NULL, NULL, 'BAMBOU', '1'),
(16385319791755, 72, 16384503812310, '03-12-2021', NULL, NULL, '1636848000000', '1'),
(16385319797095, 74, 16384503812310, '03-12-2021', NULL, NULL, '100', '1'),
(16385319799194, 75, 16384503812310, '03-12-2021', NULL, NULL, 'shp', '1'),
(16385319801098, 24, 16384503812310, '03-12-2021', NULL, NULL, 'externe', '1'),
(16385319801961, 78, 16384503812310, '03-12-2021', NULL, NULL, '10', '1'),
(16385319802975, 79, 16384503812310, '03-12-2021', NULL, NULL, 'Sac à eau, battage', '1'),
(16385319803742, 80, 16384503812310, '03-12-2021', NULL, NULL, 'oui', '1'),
(16385319805751, 83, 16384503812310, '03-12-2021', NULL, NULL, 'sensibilisation', '1'),
(16385319806643, 84, 16384503812310, '03-12-2021', NULL, NULL, '1631404800000', '1'),
(16385319807520, 85, 16384503812310, '03-12-2021', NULL, NULL, 'FID', '1'),
(16385319808317, 95, 16384503812310, '03-12-2021', NULL, NULL, '1634169600000', '1'),
(16385319809539, 103, 16384503812310, '03-12-2021', NULL, NULL, 'oui', '1'),
(16385319811420, 104, 16384503812310, '03-12-2021', NULL, NULL, 'shp', '1'),
(16385319813309, 105, 16384503812310, '03-12-2021', NULL, NULL, 'interne', '1'),
(16385319814971, 107, 16384503812310, '03-12-2021', NULL, NULL, 'KOTO', '1'),
(16385319817096, 108, 16384503812310, '03-12-2021', NULL, NULL, 'H', '1'),
(16385319935063, 55, 1, '03-12-2021', NULL, NULL, 'MEDD', '1'),
(16385319935945, 56, 1, '03-12-2021', NULL, NULL, 'CIREDD', '1'),
(16385319936825, 57, 1, '03-12-2021', NULL, NULL, 'Analamanga', '1'),
(16385319937815, 58, 1, '03-12-2021', NULL, NULL, 'Ambohidratrimo', '1'),
(16385319938602, 59, 1, '03-12-2021', NULL, NULL, 'Alasora', '1'),
(16385319939552, 60, 1, '03-12-2021', NULL, NULL, 'Ambihijanaka', '1'),
(16385319940368, 61, 1, '03-12-2021', NULL, NULL, 'Ambatokely', '1'),
(16385319941145, 62, 1, '03-12-2021', NULL, NULL, 'DFN', '1'),
(16385319941914, 63, 1, '03-12-2021', NULL, NULL, '1233', '1'),
(16385319942656, 64, 1, '03-12-2021', NULL, NULL, '800', '1'),
(16385319943437, 65, 1, '03-12-2021', NULL, NULL, 'CIREDD', '1'),
(16385319944206, 66, 1, '03-12-2021', NULL, NULL, 'energetique', '1'),
(16385319944985, 67, 1, '03-12-2021', NULL, NULL, 'forêt sèche', '1'),
(16385319945750, 68, 1, '03-12-2021', NULL, NULL, 'communautaire', '1'),
(16385319946469, 69, 1, '03-12-2021', NULL, NULL, '500', '1'),
(16385319947193, 70, 1, '03-12-2021', NULL, NULL, '600000', '1'),
(16385319948008, 71, 1, '03-12-2021', NULL, NULL, 'paulownia', '1'),
(16385319948787, 72, 1, '03-12-2021', NULL, NULL, '1639785600000', '1'),
(16385319949522, 73, 1, '03-12-2021', NULL, NULL, 'DREDD Analamanga', '1'),
(16385319950509, 74, 1, '03-12-2021', NULL, NULL, '500', '1'),
(16385319951320, 75, 1, '03-12-2021', NULL, NULL, 'reboisement Antananarivo Renivohitra', '1'),
(16385319952105, 24, 1, '03-12-2021', NULL, NULL, 'interne', '1'),
(16385319952845, 78, 1, '03-12-2021', NULL, NULL, '1', '1'),
(16385319953763, 79, 1, '03-12-2021', NULL, NULL, '12', '1'),
(16385319954532, 80, 1, '03-12-2021', NULL, NULL, 'oui', '1'),
(16385319955315, 81, 1, '03-12-2021', NULL, NULL, '12', '1'),
(16385319956089, 82, 1, '03-12-2021', NULL, NULL, 'brulée reboisement Ant-Ren', '1'),
(16385319957089, 83, 1, '03-12-2021', NULL, NULL, '1', '1'),
(16385319957965, 84, 1, '03-12-2021', NULL, NULL, '1622592000000', '1'),
(16385319958706, 85, 1, '03-12-2021', NULL, NULL, 'DREDD Analamanga', '1'),
(16385319959954, 99, 1, '03-12-2021', NULL, NULL, '959904000000', '1'),
(16385319960849, 100, 1, '03-12-2021', NULL, NULL, 'oui', '1'),
(16385319961627, 103, 1, '03-12-2021', NULL, NULL, 'oui', '1'),
(16385319962404, 104, 1, '03-12-2021', NULL, NULL, 'pepin Antanivao', '1'),
(16385319963351, 105, 1, '03-12-2021', NULL, NULL, 'interne', '1'),
(16385319964135, 107, 1, '03-12-2021', NULL, NULL, 'Pépinière DREDD Analamanga', '1'),
(16385319965059, 109, 1, '03-12-2021', NULL, NULL, '60', '1'),
(16385319965903, 110, 1, '03-12-2021', NULL, NULL, '40', '1'),
(16385319966792, 111, 1, '03-12-2021', NULL, NULL, 'Paulownia', '1'),
(16385319967679, 112, 1, '03-12-2021', NULL, NULL, '700000', '1'),
(16385319968483, 113, 1, '03-12-2021', NULL, NULL, '600000', '1'),
(16385319969226, 55, 1, '03-12-2021', NULL, NULL, 'coba Tsinjo', '1'),
(16385319970148, 56, 1, '03-12-2021', NULL, NULL, 'CIREDD', '1'),
(16385319970882, 57, 1, '03-12-2021', NULL, NULL, 'Analamanga', '1'),
(16385319971773, 58, 1, '03-12-2021', NULL, NULL, 'Ambohidratrimo', '1'),
(16385319972588, 59, 1, '03-12-2021', NULL, NULL, 'Ranovelona', '1'),
(16385319973369, 60, 1, '03-12-2021', NULL, NULL, 'Tanambao', '1'),
(16385319974685, 61, 1, '03-12-2021', NULL, NULL, 'Antanetikely', '1'),
(16385319975689, 62, 1, '03-12-2021', NULL, NULL, 'DFN', '1'),
(16385319976428, 63, 1, '03-12-2021', NULL, NULL, '1122', '1'),
(16385319977121, 64, 1, '03-12-2021', NULL, NULL, '900', '1'),
(16385319978224, 65, 1, '03-12-2021', NULL, NULL, 'Tsinjo', '1'),
(16385319978996, 66, 1, '03-12-2021', NULL, NULL, 'restauration', '1'),
(16385319979779, 67, 1, '03-12-2021', NULL, NULL, 'forêt humide', '1'),
(16385319980555, 68, 1, '03-12-2021', NULL, NULL, 'individuelle', '1'),
(16385319981221, 69, 1, '03-12-2021', NULL, NULL, '10', '1'),
(16385319982328, 70, 1, '03-12-2021', NULL, NULL, '10000', '1'),
(16385319983764, 71, 1, '03-12-2021', NULL, NULL, 'paulownia', '1'),
(16385319984642, 72, 1, '03-12-2021', NULL, NULL, '1638489600000', '1'),
(16385319985395, 73, 1, '03-12-2021', NULL, NULL, 'DREDD Analamanga', '1'),
(16385319986196, 74, 1, '03-12-2021', NULL, NULL, '10', '1'),
(16385319986971, 75, 1, '03-12-2021', NULL, NULL, 'reboi', '1'),
(16385319987850, 55, 1, '03-12-2021', NULL, NULL, 'Mimi', '1'),
(16385319988627, 56, 1, '03-12-2021', NULL, NULL, 'DREDD', '1'),
(16385319989372, 57, 1, '03-12-2021', NULL, NULL, 'Analamanga', '1'),
(16385319990294, 58, 1, '03-12-2021', NULL, NULL, 'Ambohidratrimo', '1'),
(16385319991177, 59, 1, '03-12-2021', NULL, NULL, 'Ranovelona', '1'),
(16385319991957, 60, 1, '03-12-2021', NULL, NULL, 'Tanambao', '1'),
(16385319992839, 61, 1, '03-12-2021', NULL, NULL, 'Ankorahotra', '1'),
(16385319993730, 62, 1, '03-12-2021', NULL, NULL, 'Privé', '1'),
(16385319994941, 63, 1, '03-12-2021', NULL, NULL, '1004', '1'),
(16385319996127, 64, 1, '03-12-2021', NULL, NULL, '950', '1'),
(16385319997498, 65, 1, '03-12-2021', NULL, NULL, 'Mimi', '1'),
(16385319998235, 66, 1, '03-12-2021', NULL, NULL, 'Bois d\'œuvre', '1'),
(16385319999157, 67, 1, '03-12-2021', NULL, NULL, 'forêt humide', '1'),
(16385320000038, 68, 1, '03-12-2021', NULL, NULL, 'individuelle', '1'),
(16385320000922, 69, 1, '03-12-2021', NULL, NULL, '10', '1'),
(16385320001662, 70, 1, '03-12-2021', NULL, NULL, '10000', '1'),
(16385320002697, 71, 1, '03-12-2021', NULL, NULL, 'paulownia', '1'),
(16385320003431, 72, 1, '03-12-2021', NULL, NULL, '1639872000000', '1'),
(16385320004350, 73, 1, '03-12-2021', NULL, NULL, 'DREDD Analamanga', '1'),
(16385320005426, 74, 1, '03-12-2021', NULL, NULL, '10', '1'),
(16385320006423, 75, 1, '03-12-2021', NULL, NULL, 'reboisement Antananarivo Renivohitra', '1'),
(16385322553861, 1, 35, '03-12-2021', NULL, NULL, 'Manombo', '1'),
(16385322558662, 2, 35, '03-12-2021', NULL, NULL, 'V', '1'),
(16385322561384, 3, 35, '03-12-2021', NULL, NULL, 'Deinitif', '1'),
(16385322563645, 4, 35, '03-12-2021', NULL, NULL, '67-051 du 31/01/67', '1'),
(16385322565046, 5, 35, '03-12-2021', NULL, NULL, 'Cart1', '1'),
(16385322566654, 6, 35, '03-12-2021', NULL, NULL, 'terrestre', '1'),
(16385322568670, 7, 35, '03-12-2021', NULL, NULL, 'non', '1'),
(16385322570260, 9, 35, '03-12-2021', NULL, NULL, 'MNP', '1'),
(16385322571799, 10, 35, '03-12-2021', NULL, NULL, '100', '1'),
(16385322573405, 11, 35, '03-12-2021', NULL, NULL, 'oui', '1'),
(16385322574917, 12, 35, '03-12-2021', NULL, NULL, '10', '1'),
(16385322576088, 13, 35, '03-12-2021', NULL, NULL, '6', '1'),
(16385322577480, 14, 35, '03-12-2021', NULL, NULL, 'non', '1'),
(16385322578883, 15, 35, '03-12-2021', NULL, NULL, 'non', '1'),
(16385322580245, 16, 35, '03-12-2021', NULL, NULL, 'non', '1'),
(16385322581708, 17, 35, '03-12-2021', NULL, NULL, 'oui', '1'),
(16385322582853, 18, 35, '03-12-2021', NULL, NULL, '5040', '1'),
(16385322583912, 19, 35, '03-12-2021', NULL, NULL, '20', '1'),
(16385322585356, 20, 35, '03-12-2021', NULL, NULL, 'non', '1'),
(16385322587849, 21, 35, '03-12-2021', NULL, NULL, 'oui', '1'),
(16385322589398, 22, 35, '03-12-2021', NULL, NULL, 'oui', '1'),
(16385322590665, 23, 35, '03-12-2021', NULL, NULL, 'Smart', '1'),
(16385322592265, 24, 35, '03-12-2021', NULL, NULL, 'kfw,pnue', '1'),
(16385322594085, 25, 35, '03-12-2021', NULL, NULL, 'COKETES,', '1'),
(16385322595148, 26, 35, '03-12-2021', NULL, NULL, 'oui', '1'),
(16385322596587, 27, 35, '03-12-2021', NULL, NULL, 'oui', '1'),
(16385322598381, 28, 35, '03-12-2021', NULL, NULL, 'oui', '1'),
(16385322599628, 29, 35, '03-12-2021', NULL, NULL, 'oui', '1'),
(16385322600954, 30, 35, '03-12-2021', NULL, NULL, 'oui', '1'),
(16385322605848, 31, 35, '03-12-2021', NULL, NULL, 'oui', '1'),
(16385322607416, 32, 35, '03-12-2021', NULL, NULL, 'oui', '1'),
(16385322608795, 33, 35, '03-12-2021', NULL, NULL, 'oui', '1'),
(16385322610072, 34, 35, '03-12-2021', NULL, NULL, 'oui', '1'),
(16385322611214, 35, 35, '03-12-2021', NULL, NULL, 'oui', '1'),
(16385322612553, 36, 35, '03-12-2021', NULL, NULL, 'oui', '1'),
(16385322613711, 37, 35, '03-12-2021', NULL, NULL, '2', '1'),
(16385322615162, 38, 35, '03-12-2021', NULL, NULL, 'foret lito(10), mare(30)', '1'),
(16385322616751, 39, 35, '03-12-2021', NULL, NULL, 'Feux, collect, braconage', '1'),
(16385322618080, 40, 35, '03-12-2021', NULL, NULL, '30', '1'),
(16385322619816, 41, 35, '03-12-2021', NULL, NULL, 'oui', '1'),
(16385322621816, 42, 35, '03-12-2021', NULL, NULL, 'oui', '1'),
(16385322623183, 43, 35, '03-12-2021', NULL, NULL, 'Ranofady', '1'),
(16385322624669, 1, 35, '03-12-2021', NULL, NULL, 'Agnalazaha', '1'),
(16385322626192, 2, 35, '03-12-2021', NULL, NULL, 'VI', '1'),
(16385322627804, 3, 35, '03-12-2021', NULL, NULL, 'Definitif', '1'),
(16385322629084, 4, 35, '03-12-2021', NULL, NULL, '203-012 du 15/05/2003', '1'),
(16385322630488, 5, 35, '03-12-2021', NULL, NULL, 'catr2', '1'),
(16385322632219, 6, 35, '03-12-2021', NULL, NULL, 'terrestre', '1'),
(16385322633597, 7, 35, '03-12-2021', NULL, NULL, 'non', '1'),
(16385322635090, 9, 35, '03-12-2021', NULL, NULL, 'MBG', '1'),
(16385322636139, 10, 35, '03-12-2021', NULL, NULL, '800', '1'),
(16385322637482, 11, 35, '03-12-2021', NULL, NULL, 'oui', '1'),
(16385322639084, 12, 35, '03-12-2021', NULL, NULL, '40', '1'),
(16385322640253, 13, 35, '03-12-2021', NULL, NULL, '30', '1'),
(16385322641629, 14, 35, '03-12-2021', NULL, NULL, 'non', '1'),
(16385322642801, 15, 35, '03-12-2021', NULL, NULL, 'non', '1'),
(16385322644068, 16, 35, '03-12-2021', NULL, NULL, 'non', '1'),
(16385322645617, 17, 35, '03-12-2021', NULL, NULL, 'oui', '1'),
(16385322647831, 18, 35, '03-12-2021', NULL, NULL, '8050', '1'),
(16385322649671, 19, 35, '03-12-2021', NULL, NULL, '3400', '1'),
(16385322651052, 20, 35, '03-12-2021', NULL, NULL, 'non', '1'),
(16385322652827, 21, 35, '03-12-2021', NULL, NULL, 'oui', '1'),
(16385322654703, 22, 35, '03-12-2021', NULL, NULL, 'oui', '1'),
(16385322656086, 23, 35, '03-12-2021', NULL, NULL, 'SIG,Audio visuel', '1'),
(16385322657649, 24, 35, '03-12-2021', NULL, NULL, 'pnue/WU', '1'),
(16385322659026, 25, 35, '03-12-2021', NULL, NULL, 'COKETES, Golety', '1'),
(16385322661452, 26, 35, '03-12-2021', NULL, NULL, 'oui', '1'),
(16385322663558, 27, 35, '03-12-2021', NULL, NULL, 'oui', '1'),
(16385322665112, 28, 35, '03-12-2021', NULL, NULL, 'oui', '1'),
(16385322667395, 29, 35, '03-12-2021', NULL, NULL, 'oui', '1'),
(16385322668875, 30, 35, '03-12-2021', NULL, NULL, 'oui', '1'),
(16385322671159, 31, 35, '03-12-2021', NULL, NULL, 'oui', '1'),
(16385322676219, 32, 35, '03-12-2021', NULL, NULL, 'oui', '1'),
(16385322678642, 33, 35, '03-12-2021', NULL, NULL, 'oui', '1'),
(16385322680143, 34, 35, '03-12-2021', NULL, NULL, 'oui', '1'),
(16385322681622, 35, 35, '03-12-2021', NULL, NULL, 'oui', '1'),
(16385322683139, 36, 35, '03-12-2021', NULL, NULL, 'oui', '1'),
(16385322684962, 37, 35, '03-12-2021', NULL, NULL, '3', '1'),
(16385322686586, 38, 35, '03-12-2021', NULL, NULL, 'foret lito(10), mare(30), Savane(40)', '1'),
(16385322688423, 39, 35, '03-12-2021', NULL, NULL, 'Feux, collect, braconage', '1'),
(16385322689801, 40, 35, '03-12-2021', NULL, NULL, '20', '1'),
(16385322691202, 41, 35, '03-12-2021', NULL, NULL, 'oui', '1'),
(16385322692594, 42, 35, '03-12-2021', NULL, NULL, 'oui', '1'),
(16385322693770, 43, 35, '03-12-2021', NULL, NULL, 'Soalava', '1'),
(16385322694997, 1, 35, '03-12-2021', NULL, NULL, 'Efatsy', '1'),
(16385322696953, 2, 35, '03-12-2021', NULL, NULL, 'VI', '1'),
(16385322698094, 3, 35, '03-12-2021', NULL, NULL, 'temporaire', '1'),
(16385322699351, 4, 35, '03-12-2021', NULL, NULL, '203-012 du 15/05/2004', '1'),
(16385322701023, 5, 35, '03-12-2021', NULL, NULL, 'Cart3', '1'),
(16385322702290, 6, 35, '03-12-2021', NULL, NULL, 'terrestre', '1'),
(16385322703564, 7, 35, '03-12-2021', NULL, NULL, 'non', '1'),
(16385322704500, 9, 35, '03-12-2021', NULL, NULL, 'GERP', '1'),
(16385322705737, 10, 35, '03-12-2021', NULL, NULL, '120', '1'),
(16385322706900, 11, 35, '03-12-2021', NULL, NULL, 'oui', '1'),
(16385322708120, 12, 35, '03-12-2021', NULL, NULL, '30', '1'),
(16385322709285, 13, 35, '03-12-2021', NULL, NULL, '12', '1'),
(16385322710674, 14, 35, '03-12-2021', NULL, NULL, 'non', '1'),
(16385322711935, 15, 35, '03-12-2021', NULL, NULL, 'non', '1'),
(16385322713151, 16, 35, '03-12-2021', NULL, NULL, 'non', '1'),
(16385322714781, 17, 35, '03-12-2021', NULL, NULL, 'oui', '1'),
(16385322716049, 18, 35, '03-12-2021', NULL, NULL, '5800', '1'),
(16385322717326, 19, 35, '03-12-2021', NULL, NULL, '2300', '1'),
(16385322718659, 20, 35, '03-12-2021', NULL, NULL, 'non', '1'),
(16385322719810, 21, 35, '03-12-2021', NULL, NULL, 'oui', '1'),
(16385322720988, 22, 35, '03-12-2021', NULL, NULL, 'oui', '1'),
(16385322722352, 23, 35, '03-12-2021', NULL, NULL, 'SIG,Audio visuel', '1'),
(16385322723843, 24, 35, '03-12-2021', NULL, NULL, 'WWF, HOUSTONZOO', '1'),
(16385322725135, 25, 35, '03-12-2021', NULL, NULL, 'Creation \\AP', '1'),
(16385322726465, 26, 35, '03-12-2021', NULL, NULL, 'oui', '1'),
(16385322728019, 27, 35, '03-12-2021', NULL, NULL, 'oui', '1'),
(16385322729565, 28, 35, '03-12-2021', NULL, NULL, 'oui', '1'),
(16385322731053, 29, 35, '03-12-2021', NULL, NULL, 'oui', '1'),
(16385322732534, 30, 35, '03-12-2021', NULL, NULL, 'oui', '1'),
(16385322734446, 31, 35, '03-12-2021', NULL, NULL, 'oui', '1'),
(16385322735711, 32, 35, '03-12-2021', NULL, NULL, 'oui', '1'),
(16385322737267, 33, 35, '03-12-2021', NULL, NULL, 'oui', '1'),
(16385322738874, 34, 35, '03-12-2021', NULL, NULL, 'oui', '1'),
(16385322740265, 35, 35, '03-12-2021', NULL, NULL, 'oui', '1'),
(16385322741663, 36, 35, '03-12-2021', NULL, NULL, 'oui', '1'),
(16385322743593, 37, 35, '03-12-2021', NULL, NULL, '2', '1'),
(16385322745116, 38, 35, '03-12-2021', NULL, NULL, 'foret (10)', '1'),
(16385322746510, 39, 35, '03-12-2021', NULL, NULL, 'Feux, collect, braconage', '1'),
(16385322747997, 40, 35, '03-12-2021', NULL, NULL, '20', '1'),
(16385322749513, 41, 35, '03-12-2021', NULL, NULL, 'oui', '1'),
(16385322750779, 42, 35, '03-12-2021', NULL, NULL, 'oui', '1'),
(16385322752101, 43, 35, '03-12-2021', NULL, NULL, 'lavasanga', '1'),
(16385329597617, 55, 41, '03-12-2021', NULL, NULL, 'MEDD', '1'),
(16385329600453, 56, 41, '03-12-2021', NULL, NULL, 'DREDD', '1'),
(16385329602779, 57, 41, '03-12-2021', NULL, NULL, 'HAUTE MATSIATRA', '1'),
(16385329604941, 58, 41, '03-12-2021', NULL, NULL, 'FIANARANTSOA', '1'),
(16385329606355, 59, 41, '03-12-2021', NULL, NULL, 'ANDROY', '1'),
(16385329609413, 60, 41, '03-12-2021', NULL, NULL, 'ANDROY', '1'),
(16385329611088, 61, 41, '03-12-2021', NULL, NULL, 'ANDROY', '1'),
(16385329613074, 62, 41, '03-12-2021', NULL, NULL, 'DFN', '1'),
(16385329615507, 63, 41, '03-12-2021', NULL, NULL, '21457863', '1'),
(16385329617942, 64, 41, '03-12-2021', NULL, NULL, '47258743', '1'),
(16385329619938, 65, 41, '03-12-2021', NULL, NULL, 'DREDD', '1'),
(16385329621269, 66, 41, '03-12-2021', NULL, NULL, 'RESTAURATION', '1'),
(16385329623977, 67, 41, '03-12-2021', NULL, NULL, 'FORET HUMIDE', '1'),
(16385329626355, 68, 41, '03-12-2021', NULL, NULL, 'COMMUNAUTAIRE', '1'),
(16385329627477, 69, 41, '03-12-2021', NULL, NULL, '15', '1'),
(16385329628578, 70, 41, '03-12-2021', NULL, NULL, '30000', '1'),
(16385329630783, 71, 41, '03-12-2021', NULL, NULL, 'BAMBOU', '1'),
(16385329633440, 72, 41, '03-12-2021', NULL, NULL, '1614643200000', '1'),
(16385329635323, 73, 41, '03-12-2021', NULL, NULL, 'DREDD', '1'),
(16385329637670, 74, 41, '03-12-2021', NULL, NULL, '15', '1'),
(16385329640864, 75, 41, '03-12-2021', NULL, NULL, 'Androy.shp', '1'),
(16385329643524, 24, 41, '03-12-2021', NULL, NULL, 'externe', '1'),
(16385329644850, 25, 41, '03-12-2021', NULL, NULL, 'CMBART', '1'),
(16385329645958, 78, 41, '03-12-2021', NULL, NULL, '50', '1'),
(16385329648436, 79, 41, '03-12-2021', NULL, NULL, 'ANGADY', '1'),
(16385329650375, 80, 41, '03-12-2021', NULL, NULL, 'OUI', '1'),
(16385329652263, 83, 41, '03-12-2021', NULL, NULL, 'IEC', '1'),
(16385329654585, 84, 41, '03-12-2021', NULL, NULL, '1621641600000', '1'),
(16385329656249, 85, 41, '03-12-2021', NULL, NULL, 'VEVE', '1'),
(16385329658682, 99, 41, '03-12-2021', NULL, NULL, '1620172800000', '1'),
(16385329660565, 100, 41, '03-12-2021', NULL, NULL, 'OUI', '1'),
(16385329664219, 101, 41, '03-12-2021', NULL, NULL, '21546897', '1'),
(16385329666327, 102, 41, '03-12-2021', NULL, NULL, '47892356', '1'),
(16385329668424, 103, 41, '03-12-2021', NULL, NULL, 'OUI', '1'),
(16385329669752, 104, 41, '03-12-2021', NULL, NULL, 'PEPI.SHP', '1'),
(16385329672075, 105, 41, '03-12-2021', NULL, NULL, 'EXTERNE', '1'),
(16385329674848, 106, 41, '03-12-2021', NULL, NULL, 'VOLOBE', '1'),
(16385329676399, 107, 41, '03-12-2021', NULL, NULL, 'COMMUNE ANDROY', '1'),
(16385329677679, 108, 41, '03-12-2021', NULL, NULL, 'INSTITUTION', '1'),
(16385329679663, 109, 41, '03-12-2021', NULL, NULL, '2', '1'),
(16385329682037, 110, 41, '03-12-2021', NULL, NULL, '1', '1'),
(16385329683804, 111, 41, '03-12-2021', NULL, NULL, 'BAMBOU', '1'),
(16385329686360, 112, 41, '03-12-2021', NULL, NULL, '20000', '1'),
(16385329688285, 113, 41, '03-12-2021', NULL, NULL, '20000', '1'),
(16385329689756, 55, 41, '03-12-2021', NULL, NULL, 'MEDD', '1'),
(16385329691047, 56, 41, '03-12-2021', NULL, NULL, 'DREDD', '1'),
(16385329693342, 57, 41, '03-12-2021', NULL, NULL, 'HAUTE MATSIATRA', '1'),
(16385329695981, 58, 41, '03-12-2021', NULL, NULL, 'FIANARANTSOA', '1'),
(16385329697553, 59, 41, '03-12-2021', NULL, NULL, 'ISORANA', '1'),
(16385329698972, 60, 41, '03-12-2021', NULL, NULL, 'ISORANA', '1'),
(16385329701547, 61, 41, '03-12-2021', NULL, NULL, 'ISORANA', '1'),
(16385329704234, 62, 41, '03-12-2021', NULL, NULL, 'DFN', '1'),
(16385329705946, 63, 41, '03-12-2021', NULL, NULL, '21457863', '1'),
(16385329707272, 64, 41, '03-12-2021', NULL, NULL, '47258743', '1'),
(16385329709671, 65, 41, '03-12-2021', NULL, NULL, 'DREDD', '1'),
(16385329712096, 66, 41, '03-12-2021', NULL, NULL, 'RESTAURATION', '1'),
(16385329714203, 67, 41, '03-12-2021', NULL, NULL, 'FORET HUMIDE', '1'),
(16385329717185, 68, 41, '03-12-2021', NULL, NULL, 'COMMUNAUTAIRE', '1'),
(16385329719031, 69, 41, '03-12-2021', NULL, NULL, '15', '1'),
(16385329720241, 70, 41, '03-12-2021', NULL, NULL, '30000', '1'),
(16385329722943, 71, 41, '03-12-2021', NULL, NULL, 'BAMBOU', '1'),
(16385329725569, 72, 41, '03-12-2021', NULL, NULL, '1614643200000', '1'),
(16385329728148, 73, 41, '03-12-2021', NULL, NULL, 'DREDD', '1'),
(16385329730021, 74, 41, '03-12-2021', NULL, NULL, '15', '1'),
(16385329732796, 75, 41, '03-12-2021', NULL, NULL, 'Androy.shp', '1'),
(16385329735207, 24, 41, '03-12-2021', NULL, NULL, 'externe', '1'),
(16385329737330, 25, 41, '03-12-2021', NULL, NULL, 'CMBART', '1'),
(16385329738618, 78, 41, '03-12-2021', NULL, NULL, '50', '1'),
(16385329741483, 79, 41, '03-12-2021', NULL, NULL, 'ANGADY', '1'),
(16385329745278, 80, 41, '03-12-2021', NULL, NULL, 'OUI', '1'),
(16385329748392, 83, 41, '03-12-2021', NULL, NULL, 'IEC', '1'),
(16385329749847, 84, 41, '03-12-2021', NULL, NULL, '1621641600000', '1'),
(16385329751132, 85, 41, '03-12-2021', NULL, NULL, 'VEVE', '1'),
(16385329753397, 99, 41, '03-12-2021', NULL, NULL, '1620172800000', '1'),
(16385329755814, 100, 41, '03-12-2021', NULL, NULL, 'OUI', '1'),
(16385329757661, 101, 41, '03-12-2021', NULL, NULL, '21546897', '1'),
(16385329759249, 102, 41, '03-12-2021', NULL, NULL, '47892356', '1'),
(16385329761579, 103, 41, '03-12-2021', NULL, NULL, 'OUI', '1'),
(16385329764191, 104, 41, '03-12-2021', NULL, NULL, 'PEPI.SHP', '1'),
(16385329766107, 105, 41, '03-12-2021', NULL, NULL, 'EXTERNE', '1'),
(16385329769081, 106, 41, '03-12-2021', NULL, NULL, 'VOLOBE', '1'),
(16385329772766, 107, 41, '03-12-2021', NULL, NULL, 'COMMUNE ANDROY', '1'),
(16385329776075, 108, 41, '03-12-2021', NULL, NULL, 'INSTITUTION', '1'),
(16385329779029, 109, 41, '03-12-2021', NULL, NULL, '2', '1'),
(16385329781496, 110, 41, '03-12-2021', NULL, NULL, '1', '1'),
(16385329784737, 111, 41, '03-12-2021', NULL, NULL, 'BAMBOU', '1'),
(16385329786916, 112, 41, '03-12-2021', NULL, NULL, '20000', '1'),
(16385329788902, 113, 41, '03-12-2021', NULL, NULL, '20000', '1'),
(16385329792022, 55, 41, '03-12-2021', NULL, NULL, 'MEDD', '1'),
(16385329794148, 56, 41, '03-12-2021', NULL, NULL, 'DREDD', '1'),
(16385329795542, 57, 41, '03-12-2021', NULL, NULL, 'HAUTE MATSIATRA', '1'),
(16385329797548, 58, 41, '03-12-2021', NULL, NULL, 'FIANARANTSOA', '1'),
(16385329800218, 59, 41, '03-12-2021', NULL, NULL, 'MANEVA', '1'),
(16385329802697, 60, 41, '03-12-2021', NULL, NULL, 'MANEVA', '1'),
(16385329806290, 61, 41, '03-12-2021', NULL, NULL, 'MANEVA', '1'),
(16385329808158, 62, 41, '03-12-2021', NULL, NULL, 'DFN', '1'),
(16385329810492, 63, 41, '03-12-2021', NULL, NULL, '21457863', '1'),
(16385329812574, 64, 41, '03-12-2021', NULL, NULL, '47258743', '1'),
(16385329815600, 65, 41, '03-12-2021', NULL, NULL, 'DREDD', '1'),
(16385329817224, 66, 41, '03-12-2021', NULL, NULL, 'RESTAURATION', '1'),
(16385329819335, 67, 41, '03-12-2021', NULL, NULL, 'FORET HUMIDE', '1'),
(16385329821326, 68, 41, '03-12-2021', NULL, NULL, 'COMMUNAUTAIRE', '1'),
(16385329823166, 69, 41, '03-12-2021', NULL, NULL, '15', '1'),
(16385329824380, 70, 41, '03-12-2021', NULL, NULL, '30000', '1'),
(16385329826891, 71, 41, '03-12-2021', NULL, NULL, 'BAMBOU', '1'),
(16385329829065, 72, 41, '03-12-2021', NULL, NULL, '1614643200000', '1'),
(16385329830766, 73, 41, '03-12-2021', NULL, NULL, 'DREDD', '1'),
(16385329831971, 74, 41, '03-12-2021', NULL, NULL, '15', '1'),
(16385329834696, 75, 41, '03-12-2021', NULL, NULL, 'Androy.shp', '1'),
(16385329835829, 24, 41, '03-12-2021', NULL, NULL, 'externe', '1'),
(16385329837008, 25, 41, '03-12-2021', NULL, NULL, 'CMBART', '1'),
(16385329838119, 78, 41, '03-12-2021', NULL, NULL, '50', '1'),
(16385329840135, 79, 41, '03-12-2021', NULL, NULL, 'ANGADY', '1'),
(16385329842858, 80, 41, '03-12-2021', NULL, NULL, 'OUI', '1'),
(16385329845222, 83, 41, '03-12-2021', NULL, NULL, 'IEC', '1'),
(16385329846663, 84, 41, '03-12-2021', NULL, NULL, '1621641600000', '1'),
(16385329848528, 85, 41, '03-12-2021', NULL, NULL, 'VEVE', '1'),
(16385329850023, 99, 41, '03-12-2021', NULL, NULL, '1620172800000', '1'),
(16385329852015, 100, 41, '03-12-2021', NULL, NULL, 'OUI', '1'),
(16385329856215, 101, 41, '03-12-2021', NULL, NULL, '21546897', '1'),
(16385329858986, 102, 41, '03-12-2021', NULL, NULL, '47892356', '1'),
(16385329861472, 103, 41, '03-12-2021', NULL, NULL, 'OUI', '1'),
(16385329863002, 104, 41, '03-12-2021', NULL, NULL, 'PEPI.SHP', '1'),
(16385329864350, 105, 41, '03-12-2021', NULL, NULL, 'EXTERNE', '1'),
(16385329866745, 106, 41, '03-12-2021', NULL, NULL, 'VOLOBE', '1'),
(16385329868782, 107, 41, '03-12-2021', NULL, NULL, 'COMMUNE ANDROY', '1'),
(16385329870382, 108, 41, '03-12-2021', NULL, NULL, 'INSTITUTION', '1'),
(16385329871655, 109, 41, '03-12-2021', NULL, NULL, '2', '1'),
(16385329873789, 110, 41, '03-12-2021', NULL, NULL, '1', '1'),
(16385329876552, 111, 41, '03-12-2021', NULL, NULL, 'BAMBOU', '1'),
(16385329878660, 112, 41, '03-12-2021', NULL, NULL, '20000', '1'),
(16385329880846, 113, 41, '03-12-2021', NULL, NULL, '20000', '1'),
(16385340455432, 1, 16, '03-12-2021', NULL, NULL, 'IBITY', '1'),
(16385340457149, 2, 16, '03-12-2021', NULL, NULL, 'V', '1'),
(16385340458646, 3, 16, '03-12-2021', NULL, NULL, 'Définitif', '1'),
(16385340460027, 6, 16, '03-12-2021', NULL, NULL, 'terrestre', '1'),
(16385340461109, 7, 16, '03-12-2021', NULL, NULL, 'non', '1'),
(16385340462344, 9, 16, '03-12-2021', NULL, NULL, 'MBG', '1'),
(16385340463900, 10, 16, '03-12-2021', NULL, NULL, '245', '1'),
(16385340465002, 11, 16, '03-12-2021', NULL, NULL, 'Oui', '1'),
(16385340466589, 12, 16, '03-12-2021', NULL, NULL, '5', '1'),
(16385340468896, 13, 16, '03-12-2021', NULL, NULL, '5', '1'),
(16385340470453, 14, 16, '03-12-2021', NULL, NULL, 'oui', '1'),
(16385340471854, 15, 16, '03-12-2021', NULL, NULL, 'oui', '1'),
(16385340473260, 16, 16, '03-12-2021', NULL, NULL, 'oui', '1'),
(16385340475754, 17, 16, '03-12-2021', NULL, NULL, 'oui', '1'),
(16385340476849, 18, 16, '03-12-2021', NULL, NULL, '6136', '1'),
(16385340478090, 19, 16, '03-12-2021', NULL, NULL, '4500', '1'),
(16385340479650, 20, 16, '03-12-2021', NULL, NULL, 'oui', '1'),
(16385340480744, 21, 16, '03-12-2021', NULL, NULL, 'oui', '1'),
(16385340482156, 22, 16, '03-12-2021', NULL, NULL, 'oui', '1'),
(16385340483384, 23, 16, '03-12-2021', NULL, NULL, 'AGR, formation, dotation des matériels', '1'),
(16385340484710, 24, 16, '03-12-2021', NULL, NULL, 'externe', '1'),
(16385340485935, 25, 16, '03-12-2021', NULL, NULL, 'MBG', '1'),
(16385340487077, 26, 16, '03-12-2021', NULL, NULL, 'oui', '1'),
(16385340488636, 27, 16, '03-12-2021', NULL, NULL, 'oui', '1'),
(16385340490032, 28, 16, '03-12-2021', NULL, NULL, 'oui', '1'),
(16385340491128, 29, 16, '03-12-2021', NULL, NULL, 'oui', '1'),
(16385340492844, 30, 16, '03-12-2021', NULL, NULL, 'oui', '1'),
(16385340494567, 1, 16, '03-12-2021', NULL, NULL, 'NAP Manjakatompo/ Ankaratra', '1'),
(16385340495651, 2, 16, '03-12-2021', NULL, NULL, 'V', '1'),
(16385340496903, 3, 16, '03-12-2021', NULL, NULL, 'définitif', '1'),
(16385340498147, 6, 16, '03-12-2021', NULL, NULL, 'terrestre', '1'),
(16385340499703, 7, 16, '03-12-2021', NULL, NULL, 'non', '1'),
(16385340501117, 9, 16, '03-12-2021', NULL, NULL, 'TAFOMIAVO', '1'),
(16385340502361, 10, 16, '03-12-2021', NULL, NULL, '2032', '1'),
(16385340503920, 11, 16, '03-12-2021', NULL, NULL, 'Oui', '1'),
(16385340505482, 12, 16, '03-12-2021', NULL, NULL, '4', '1'),
(16385340506721, 18, 16, '03-12-2021', NULL, NULL, '11000', '1'),
(16385340507973, 19, 16, '03-12-2021', NULL, NULL, '7800', '1'),
(16385340509539, 20, 16, '03-12-2021', NULL, NULL, 'oui', '1'),
(16385340510793, 21, 16, '03-12-2021', NULL, NULL, 'oui', '1'),
(16385340512041, 22, 16, '03-12-2021', NULL, NULL, 'oui', '1'),
(16385340513601, 23, 16, '03-12-2021', NULL, NULL, 'AGR, formation, dotation des matériels', '1'),
(16385340515782, 24, 16, '03-12-2021', NULL, NULL, 'externe', '1'),
(16385340517032, 25, 16, '03-12-2021', NULL, NULL, 'TAFOMIAVO', '1'),
(16385340518288, 26, 16, '03-12-2021', NULL, NULL, 'oui', '1'),
(16385340519537, 27, 16, '03-12-2021', NULL, NULL, 'oui', '1'),
(16385340521409, 28, 16, '03-12-2021', NULL, NULL, 'oui', '1'),
(16385340523891, 29, 16, '03-12-2021', NULL, NULL, 'oui', '1'),
(16385340526236, 30, 16, '03-12-2021', NULL, NULL, 'oui', '1'),
(16385340527646, 1, 16, '03-12-2021', NULL, NULL, 'FuturNAP Tsinjoarivo-Ambalaomby', '1'),
(16385340529209, 2, 16, '03-12-2021', NULL, NULL, 'V', '1'),
(16385340530911, 3, 16, '03-12-2021', NULL, NULL, 'Temporaire', '1'),
(16385340880170, 254, 51, '03-12-2021', NULL, NULL, 'VOHIMASINA', '1'),
(16385340881163, 255, 51, '03-12-2021', NULL, NULL, '48.174107399214', '1'),
(16385340882359, 256, 51, '03-12-2021', NULL, NULL, '-21.743636438914', '1'),
(16385340883515, 258, 51, '03-12-2021', NULL, NULL, 'shp', '1'),
(16385340884406, 259, 51, '03-12-2021', NULL, NULL, '20', '1'),
(16385340885285, 260, 51, '03-12-2021', NULL, NULL, '18', '1'),
(16385340886186, 261, 51, '03-12-2021', NULL, NULL, 'Forêt', '1'),
(16385340887066, 262, 51, '03-12-2021', NULL, NULL, '18', '1'),
(16385340888063, 263, 51, '03-12-2021', NULL, NULL, '48.174107399214', '1'),
(16385340889061, 264, 51, '03-12-2021', NULL, NULL, '-21.743636438914', '1'),
(16385340890073, 265, 51, '03-12-2021', NULL, NULL, '1634774400000', '1'),
(16385340892731, 266, 51, '03-12-2021', NULL, NULL, 'NON', '1'),
(16385340893621, 270, 51, '03-12-2021', NULL, NULL, 'OUI', '1'),
(16385340895063, 273, 51, '03-12-2021', NULL, NULL, 'OUI', '1'),
(16385340895962, 254, 51, '03-12-2021', NULL, NULL, 'AMPASIMANJEVA', '1'),
(16385340896849, 255, 51, '03-12-2021', NULL, NULL, '48.10454081276', '1'),
(16385340897959, 256, 51, '03-12-2021', NULL, NULL, '-21.758135452397', '1'),
(16385340899063, 258, 51, '03-12-2021', NULL, NULL, 'shp', '1'),
(16385340900518, 259, 51, '03-12-2021', NULL, NULL, '30', '1'),
(16385340901510, 260, 51, '03-12-2021', NULL, NULL, '40', '1'),
(16385340902408, 261, 51, '03-12-2021', NULL, NULL, 'hors Forêt', '1'),
(16385340903286, 262, 51, '03-12-2021', NULL, NULL, '40', '1'),
(16385340904079, 263, 51, '03-12-2021', NULL, NULL, '48.10454081276', '1'),
(16385340904951, 264, 51, '03-12-2021', NULL, NULL, '-21.758135452397', '1'),
(16385340905730, 265, 51, '03-12-2021', NULL, NULL, '1634860800000', '1'),
(16385340906627, 266, 51, '03-12-2021', NULL, NULL, 'NON', '1'),
(16385340907519, 270, 51, '03-12-2021', NULL, NULL, 'OUI', '1'),
(16385340908391, 273, 51, '03-12-2021', NULL, NULL, 'OUI', '1'),
(16385340909517, 254, 51, '03-12-2021', NULL, NULL, 'VOHIPENO', '1'),
(16385340910512, 255, 51, '03-12-2021', NULL, NULL, '48.119616526084', '1'),
(16385340911502, 256, 51, '03-12-2021', NULL, NULL, '-21.779748355052', '1'),
(16385340912404, 258, 51, '03-12-2021', NULL, NULL, 'shp', '1'),
(16385340913286, 259, 51, '03-12-2021', NULL, NULL, '10', '1'),
(16385340914071, 260, 51, '03-12-2021', NULL, NULL, '12', '1'),
(16385340914959, 261, 51, '03-12-2021', NULL, NULL, 'hors Forêt', '1'),
(16385340915844, 262, 51, '03-12-2021', NULL, NULL, '12', '1'),
(16385340916736, 263, 51, '03-12-2021', NULL, NULL, '48.119616526084', '1'),
(16385340917735, 264, 51, '03-12-2021', NULL, NULL, '-21.779748355052', '1'),
(16385340918738, 265, 51, '03-12-2021', NULL, NULL, '1634947200000', '1'),
(16385340919740, 266, 51, '03-12-2021', NULL, NULL, 'NON', '1'),
(16385340920738, 270, 51, '03-12-2021', NULL, NULL, 'OUI', '1'),
(16385340921834, 273, 51, '03-12-2021', NULL, NULL, 'OUI', '1'),
(16385403143899, 1, 100, '03-12-2021', NULL, NULL, 'Andohahela', '1'),
(16385403144821, 2, 100, '03-12-2021', NULL, NULL, 'II', '1'),
(16385403146233, 3, 100, '03-12-2021', NULL, NULL, 'Parc National', '1'),
(16385403147168, 4, 100, '03-12-2021', NULL, NULL, '785', '1'),
(16385403148106, 5, 100, '03-12-2021', NULL, NULL, '7076', '1'),
(16385403149035, 6, 100, '03-12-2021', NULL, NULL, 'Terrestre', '1'),
(16385403149815, 7, 100, '03-12-2021', NULL, NULL, 'oui', '1'),
(16385403150916, 8, 100, '03-12-2021', NULL, NULL, '5020', '1'),
(16385403151841, 9, 100, '03-12-2021', NULL, NULL, 'MNP', '1'),
(16385403152621, 10, 100, '03-12-2021', NULL, NULL, '200', '1'),
(16385403153718, 11, 100, '03-12-2021', NULL, NULL, 'oui', '1'),
(16385403154817, 12, 100, '03-12-2021', NULL, NULL, '4', '1'),
(16385403155740, 13, 100, '03-12-2021', NULL, NULL, '4', '1'),
(16385403156520, 14, 100, '03-12-2021', NULL, NULL, 'oui', '1'),
(16385403159951, 15, 100, '03-12-2021', NULL, NULL, 'oui', '1'),
(16385403161206, 16, 100, '03-12-2021', NULL, NULL, 'oui', '1'),
(16385403162618, 17, 100, '03-12-2021', NULL, NULL, 'oui', '1'),
(16385403163545, 18, 100, '03-12-2021', NULL, NULL, '6080', '1'),
(16385403164481, 19, 100, '03-12-2021', NULL, NULL, '100', '1'),
(16385403165738, 20, 100, '03-12-2021', NULL, NULL, 'oui', '1'),
(16385403166827, 21, 100, '03-12-2021', NULL, NULL, 'oui', '1'),
(16385403167751, 22, 100, '03-12-2021', NULL, NULL, 'oui', '1'),
(16385403168695, 23, 100, '03-12-2021', NULL, NULL, 'formation, AGR', '1'),
(16385403169630, 24, 100, '03-12-2021', NULL, NULL, 'interne', '1'),
(16385403170564, 26, 100, '03-12-2021', NULL, NULL, 'oui', '1'),
(16385403171653, 27, 100, '03-12-2021', NULL, NULL, 'oui', '1'),
(16385403172597, 28, 100, '03-12-2021', NULL, NULL, 'oui', '1'),
(16385403173534, 29, 100, '03-12-2021', NULL, NULL, 'oui', '1'),
(16385403174627, 30, 100, '03-12-2021', NULL, NULL, 'oui', '1'),
(16385403175713, 31, 100, '03-12-2021', NULL, NULL, 'oui', '1'),
(16385403176651, 32, 100, '03-12-2021', NULL, NULL, 'oui', '1'),
(16385403177742, 33, 100, '03-12-2021', NULL, NULL, 'oui', '1'),
(16385403178838, 34, 100, '03-12-2021', NULL, NULL, 'oui', '1'),
(16385403179929, 35, 100, '03-12-2021', NULL, NULL, 'oui', '1'),
(16385403180868, 36, 100, '03-12-2021', NULL, NULL, 'oui', '1'),
(16385403181959, 37, 100, '03-12-2021', NULL, NULL, '3', '1'),
(16385403182895, 38, 100, '03-12-2021', NULL, NULL, 'Dypsis 80', '1'),
(16385403183825, 39, 100, '03-12-2021', NULL, NULL, 'Feux, coupe, charbon', '1'),
(16385403184763, 40, 100, '03-12-2021', NULL, NULL, '40', '1'),
(16385403185854, 41, 100, '03-12-2021', NULL, NULL, '80', '1'),
(16385403186470, 42, 100, '03-12-2021', NULL, NULL, '70', '1'),
(16385403187412, 1, 100, '03-12-2021', NULL, NULL, 'Mandena', '1'),
(16385403188350, 2, 100, '03-12-2021', NULL, NULL, 'V', '1'),
(16385403189595, 3, 100, '03-12-2021', NULL, NULL, 'Paysage harmonieux', '1'),
(16385403190693, 4, 100, '03-12-2021', NULL, NULL, '2015', '1'),
(16385403191477, 5, 100, '03-12-2021', NULL, NULL, '420', '1'),
(16385403192401, 6, 100, '03-12-2021', NULL, NULL, 'Terrestre', '1'),
(16385403193183, 7, 100, '03-12-2021', NULL, NULL, 'Non', '1'),
(16385403193964, 8, 100, '03-12-2021', NULL, NULL, '0', '1'),
(16385403194905, 9, 100, '03-12-2021', NULL, NULL, 'COGEMA', '1'),
(16385403195686, 10, 100, '03-12-2021', NULL, NULL, '150', '1'),
(16385403196776, 11, 100, '03-12-2021', NULL, NULL, 'oui', '1'),
(16385403197715, 12, 100, '03-12-2021', NULL, NULL, '2', '1'),
(16385403198800, 13, 100, '03-12-2021', NULL, NULL, '2', '1'),
(16385403199735, 14, 100, '03-12-2021', NULL, NULL, 'oui', '1'),
(16385403200833, 15, 100, '03-12-2021', NULL, NULL, 'oui', '1'),
(16385403202073, 16, 100, '03-12-2021', NULL, NULL, 'oui', '1'),
(16385403203010, 17, 100, '03-12-2021', NULL, NULL, 'Non', '1'),
(16385403203953, 18, 100, '03-12-2021', NULL, NULL, '0', '1'),
(16385403205193, 19, 100, '03-12-2021', NULL, NULL, '30', '1'),
(16385403206443, 20, 100, '03-12-2021', NULL, NULL, 'oui', '1'),
(16385403208001, 21, 100, '03-12-2021', NULL, NULL, 'oui', '1'),
(16385403209092, 22, 100, '03-12-2021', NULL, NULL, 'oui', '1'),
(16385403210195, 23, 100, '03-12-2021', NULL, NULL, 'formation, AGR', '1'),
(16385403210975, 24, 100, '03-12-2021', NULL, NULL, 'externe', '1'),
(16385403212065, 25, 100, '03-12-2021', NULL, NULL, 'QMM', '1'),
(16385403212845, 26, 100, '03-12-2021', NULL, NULL, 'oui', '1'),
(16385403214098, 27, 100, '03-12-2021', NULL, NULL, 'oui', '1'),
(16385403215183, 28, 100, '03-12-2021', NULL, NULL, 'oui', '1');
INSERT INTO `reponse_non_valide` (`id`, `question_id`, `user_id`, `date`, `link_gps`, `link_photo`, `reponse`, `comment`) VALUES
(16385403216274, 29, 100, '03-12-2021', NULL, NULL, 'oui', '1'),
(16385403217525, 30, 100, '03-12-2021', NULL, NULL, 'oui', '1'),
(16385403218458, 31, 100, '03-12-2021', NULL, NULL, 'oui', '1'),
(16385403219557, 32, 100, '03-12-2021', NULL, NULL, 'oui', '1'),
(16385403220482, 33, 100, '03-12-2021', NULL, NULL, 'oui', '1'),
(16385403221422, 34, 100, '03-12-2021', NULL, NULL, 'oui', '1'),
(16385403223455, 35, 100, '03-12-2021', NULL, NULL, 'oui', '1'),
(16385403224384, 36, 100, '03-12-2021', NULL, NULL, 'oui', '1'),
(16385403225327, 37, 100, '03-12-2021', NULL, NULL, '2', '1'),
(16385403226411, 38, 100, '03-12-2021', NULL, NULL, 'Hintsy 70', '1'),
(16385403227506, 39, 100, '03-12-2021', NULL, NULL, 'Feux, coupe,', '1'),
(16385403228444, 40, 100, '03-12-2021', NULL, NULL, '70', '1'),
(16385403229531, 41, 100, '03-12-2021', NULL, NULL, '90', '1'),
(16385403230313, 42, 100, '03-12-2021', NULL, NULL, '60', '1'),
(16385403231093, 1, 100, '03-12-2021', NULL, NULL, 'Petriky', '1'),
(16385403232030, 2, 100, '03-12-2021', NULL, NULL, 'V', '1'),
(16385403232968, 3, 100, '03-12-2021', NULL, NULL, 'Paysage harmonieux', '1'),
(16385403233900, 4, 100, '03-12-2021', NULL, NULL, '2015', '1'),
(16385403234845, 5, 100, '03-12-2021', NULL, NULL, '120', '1'),
(16385403235622, 6, 100, '03-12-2021', NULL, NULL, 'Terrestre', '1'),
(16385403236554, 7, 100, '03-12-2021', NULL, NULL, 'non', '1'),
(16385403237641, 8, 100, '03-12-2021', NULL, NULL, '0', '1'),
(16385403238582, 9, 100, '03-12-2021', NULL, NULL, 'FIMPIAP', '1'),
(16385403239526, 10, 100, '03-12-2021', NULL, NULL, '300', '1'),
(16385403240305, 11, 100, '03-12-2021', NULL, NULL, 'oui', '1'),
(16385403241238, 12, 100, '03-12-2021', NULL, NULL, '3', '1'),
(16385403242484, 13, 100, '03-12-2021', NULL, NULL, '2', '1'),
(16385403243420, 14, 100, '03-12-2021', NULL, NULL, 'oui', '1'),
(16385403244357, 15, 100, '03-12-2021', NULL, NULL, 'oui', '1'),
(16385403245296, 16, 100, '03-12-2021', NULL, NULL, 'oui', '1'),
(16385403246545, 17, 100, '03-12-2021', NULL, NULL, 'non', '1'),
(16385403248105, 18, 100, '03-12-2021', NULL, NULL, '0', '1'),
(16385403249191, 19, 100, '03-12-2021', NULL, NULL, '2', '1'),
(16385403250444, 20, 100, '03-12-2021', NULL, NULL, 'oui', '1'),
(16385403251377, 21, 100, '03-12-2021', NULL, NULL, 'oui', '1'),
(16385403252313, 22, 100, '03-12-2021', NULL, NULL, 'oui', '1'),
(16385403253247, 23, 100, '03-12-2021', NULL, NULL, 'formation, AGR', '1'),
(16385403254184, 24, 100, '03-12-2021', NULL, NULL, 'externe', '1'),
(16385403255272, 25, 100, '03-12-2021', NULL, NULL, 'QMM', '1'),
(16385403256211, 26, 100, '03-12-2021', NULL, NULL, 'oui', '1'),
(16385403257302, 27, 100, '03-12-2021', NULL, NULL, 'oui', '1'),
(16385403258558, 28, 100, '03-12-2021', NULL, NULL, 'oui', '1'),
(16385403259647, 29, 100, '03-12-2021', NULL, NULL, 'oui', '1'),
(16385403260587, 30, 100, '03-12-2021', NULL, NULL, 'oui', '1'),
(16385403261672, 31, 100, '03-12-2021', NULL, NULL, 'oui', '1'),
(16385403263078, 32, 100, '03-12-2021', NULL, NULL, 'oui', '1'),
(16385403263852, 33, 100, '03-12-2021', NULL, NULL, 'oui', '1'),
(16385403264940, 34, 100, '03-12-2021', NULL, NULL, 'oui', '1'),
(16385403265886, 35, 100, '03-12-2021', NULL, NULL, 'oui', '1'),
(16385403266971, 36, 100, '03-12-2021', NULL, NULL, 'oui', '1'),
(16385403267758, 37, 100, '03-12-2021', NULL, NULL, '2', '1'),
(16385403268694, 38, 100, '03-12-2021', NULL, NULL, 'eugmocalpus 70', '1'),
(16385403269626, 39, 100, '03-12-2021', NULL, NULL, 'feux, coupe', '1'),
(16385403270406, 40, 100, '03-12-2021', NULL, NULL, '60', '1'),
(16385403271503, 41, 100, '03-12-2021', NULL, NULL, '95', '1'),
(16385403272438, 42, 100, '03-12-2021', NULL, NULL, '80', '1'),
(16389689391194, 55, 92, '08-12-2021', NULL, NULL, 'Graine de vie', '1'),
(16389689391287, 56, 92, '08-12-2021', NULL, NULL, 'DREDD', '1'),
(16389689391400, 57, 92, '08-12-2021', NULL, NULL, 'Atsinanana', '1'),
(16389689391512, 58, 92, '08-12-2021', NULL, NULL, 'Toamasina II', '1'),
(16389689391610, 59, 92, '08-12-2021', NULL, NULL, 'Tamatave suburbaine', '1'),
(16389689391843, 60, 92, '08-12-2021', NULL, NULL, 'Ivoloina', '1'),
(16389689391949, 61, 92, '08-12-2021', NULL, NULL, 'Ampandroantsiriry', '1'),
(16389689392043, 65, 92, '08-12-2021', NULL, NULL, 'SRF,CEDD', '1'),
(16389689392147, 66, 92, '08-12-2021', NULL, NULL, 'Reboisement', '1'),
(16389689392245, 67, 92, '08-12-2021', NULL, NULL, 'Foret humide', '1'),
(16389689392340, 69, 92, '08-12-2021', NULL, NULL, '150', '1'),
(16389689392452, 70, 92, '08-12-2021', NULL, NULL, '300000', '1'),
(16389689392543, 72, 92, '08-12-2021', NULL, NULL, '1642550400000', '1'),
(16389689392659, 73, 92, '08-12-2021', NULL, NULL, 'pepeniere Ampandroantsiriry', '1'),
(16389689392749, 74, 92, '08-12-2021', NULL, NULL, '120', '1'),
(16389689392815, 24, 92, '08-12-2021', NULL, NULL, 'PIP', '1'),
(16389689392890, 80, 92, '08-12-2021', NULL, NULL, 'Oui', '1'),
(16389689392957, 81, 92, '08-12-2021', NULL, NULL, '0', '1'),
(16389689393013, 82, 92, '08-12-2021', NULL, NULL, '0', '1'),
(16389689393072, 108, 92, '08-12-2021', NULL, NULL, 'stk', '1'),
(16389689393141, 111, 92, '08-12-2021', NULL, NULL, 'Acacias,eucalyptus', '1'),
(16389689393202, 112, 92, '08-12-2021', NULL, NULL, '4000', '1'),
(16389689393258, 113, 92, '08-12-2021', NULL, NULL, '3800', '1'),
(16389733723781, 55, 76, '08-12-2021', NULL, NULL, 'Exploitant forestier', '1'),
(16389733723892, 56, 76, '08-12-2021', NULL, NULL, 'DREDD', '1'),
(16389733724004, 57, 76, '08-12-2021', NULL, NULL, 'Alaotra Mangoro', '1'),
(16389733724141, 58, 76, '08-12-2021', NULL, NULL, 'Moramanga', '1'),
(16389733724327, 59, 76, '08-12-2021', NULL, NULL, 'Andaingo', '1'),
(16389733724438, 60, 76, '08-12-2021', NULL, NULL, 'Ambohibary', '1'),
(16389733724545, 61, 76, '08-12-2021', NULL, NULL, 'PRRM', '1'),
(16389733724664, 62, 76, '08-12-2021', NULL, NULL, 'Terrain domanial', '1'),
(16389733724787, 65, 76, '08-12-2021', NULL, NULL, 'President association des exploitants', '1'),
(16389733724916, 66, 76, '08-12-2021', NULL, NULL, 'bois d\'oeuvre', '1'),
(16389733725131, 67, 76, '08-12-2021', NULL, NULL, 'savane (kijana)', '1'),
(16389733725334, 68, 76, '08-12-2021', NULL, NULL, 'Participative', '1'),
(16389733725544, 69, 76, '08-12-2021', NULL, NULL, '5', '1'),
(16389733725752, 70, 76, '08-12-2021', NULL, NULL, '4000', '1'),
(16389733725944, 71, 76, '08-12-2021', NULL, NULL, 'Eucalyptus robusta', '1'),
(16389733726118, 72, 76, '08-12-2021', NULL, NULL, '1636675200000', '1'),
(16389733726283, 73, 76, '08-12-2021', NULL, NULL, 'Pepiniere commune', '1'),
(16389733726466, 74, 76, '08-12-2021', NULL, NULL, '4', '1'),
(16389733726632, 75, 76, '08-12-2021', NULL, NULL, 'nom du fichier shape', '1'),
(16389733726800, 24, 76, '08-12-2021', NULL, NULL, 'externe', '1'),
(16389733727018, 25, 76, '08-12-2021', NULL, NULL, 'Exploitant forestier', '1'),
(16389733727209, 80, 76, '08-12-2021', NULL, NULL, 'Oui', '1'),
(16389733727313, 81, 76, '08-12-2021', NULL, NULL, '0', '1'),
(16389733727432, 82, 76, '08-12-2021', NULL, NULL, '0', '1'),
(16389733727637, 83, 76, '08-12-2021', NULL, NULL, 'Aucun cas de feu', '1');

-- --------------------------------------------------------

--
-- Structure de la table `thematique`
--

CREATE TABLE `thematique` (
  `id` bigint(20) NOT NULL,
  `label` text NOT NULL,
  `comment` text DEFAULT NULL
) ENGINE=InnoDB DEFAULT CHARSET=utf8;

--
-- Déchargement des données de la table `thematique`
--

INSERT INTO `thematique` (`id`, `label`, `comment`) VALUES
(1, 'Actes administratifs', NULL),
(2, 'Aires protégées (AP)', NULL),
(3, 'Biodiversité', NULL),
(4, 'Cadre national et international (juridique, politique, stratégique)', NULL),
(5, 'Changement Climatique et REDD+', NULL),
(6, 'Contrôles environnementaux et forestiers', NULL),
(7, 'Partenariat', NULL),
(8, 'Economie verte', NULL),
(9, 'Environnement (pollution, évaluation environnementale, gouvernance)', NULL),
(10, 'Feux ', NULL),
(11, 'Finances', NULL),
(12, 'Informations générales', NULL),
(13, 'Informations, education, communication (IEC)', NULL),
(14, 'Logistique', NULL),
(15, 'Outils (guide, manuel)', NULL),
(16, 'Planification, programmation, suivi-evaluation', NULL),
(17, 'Reboisement', NULL),
(18, 'Recherche et développement', NULL),
(19, 'Responsabilité Sociétale des Entreprises (RSE : reboisements, éducation environnementale, ...)', NULL),
(20, 'Ressources humaines', NULL),
(21, 'Transfert de gestion', NULL),
(22, 'Transition écologique et résilience (Désertification et dégradation des terres)', NULL),
(23, 'Developpement durable (economie, sociale, environnement, culture)', NULL),
(24, 'Paiement des services environnementaux (PSE)', NULL),
(25, 'Corruption', NULL);

-- --------------------------------------------------------

--
-- Structure de la table `user`
--

CREATE TABLE `user` (
  `id` bigint(20) NOT NULL,
  `nom` text NOT NULL,
  `email` text NOT NULL,
  `tel` text NOT NULL,
  `pw` text NOT NULL,
  `category_id` bigint(20) DEFAULT NULL,
  `validate` bigint(20) NOT NULL DEFAULT 0,
  `district_id` bigint(20) DEFAULT NULL
) ENGINE=InnoDB DEFAULT CHARSET=utf8;

--
-- Déchargement des données de la table `user`
--

INSERT INTO `user` (`id`, `nom`, `email`, `tel`, `pw`, `category_id`, `validate`, `district_id`) VALUES
(1, '', '', '', '', 1, -1, 10),
(2, '', '', '', '', 1, -1, 11),
(3, '', '', '', '', 1, -1, 12),
(4, '', '', '', '', 1, -1, 13),
(5, '', '', '', '', 1, -1, 14),
(6, '', '', '', '', 1, -1, 15),
(7, '', '', '', '', 1, -1, 16),
(8, '', '', '', '', 1, -1, 17),
(9, '', '', '', '', 1, -1, 18),
(10, '', '', '', '', 1, -1, 19),
(11, '', '', '', '', 1, -1, 20),
(12, '', '', '', '', 1, -1, 21),
(13, '', '', '', '', 1, -1, 22),
(14, '', '', '', '', 1, -1, 23),
(15, '', '', '', '', 1, -1, 24),
(16, '', '', '', '', 1, -1, 25),
(17, '', '', '', '', 1, -1, 26),
(18, '', '', '', '', 1, -1, 27),
(19, '', '', '', '', 1, -1, 28),
(20, '', '', '', '', 1, -1, 29),
(21, '', '', '', '', 1, -1, 30),
(22, '', '', '', '', 1, -1, 31),
(23, '', '', '', '', 1, -1, 32),
(24, '', '', '', '', 1, -1, 33),
(25, '', '', '', '', 1, -1, 34),
(26, '', '', '', '', 1, -1, 35),
(27, '', '', '', '', 1, -1, 36),
(28, '', '', '', '', 1, -1, 37),
(29, '', '', '', '', 1, -1, 38),
(30, '', '', '', '', 1, -1, 39),
(31, '', '', '', '', 1, -1, 40),
(32, '', '', '', '', 1, -1, 41),
(33, '', '', '', '', 1, -1, 42),
(34, '', '', '', '', 1, -1, 43),
(35, '', '', '', '', 1, -1, 44),
(36, '', '', '', '', 1, -1, 45),
(37, '', '', '', '', 1, -1, 46),
(38, '', '', '', '', 1, -1, 47),
(39, '', '', '', '', 1, -1, 48),
(40, '', '', '', '', 1, -1, 49),
(41, '', '', '', '', 1, -1, 50),
(42, '', '', '', '', 1, -1, 51),
(43, '', '', '', '', 1, -1, 52),
(44, '', '', '', '', 1, -1, 53),
(45, '', '', '', '', 1, -1, 54),
(46, '', '', '', '', 1, -1, 55),
(47, '', '', '', '', 1, -1, 56),
(48, '', '', '', '', 1, -1, 57),
(49, '', '', '', '', 1, -1, 58),
(50, '', '', '', '', 1, -1, 59),
(51, '', '', '', '', 1, -1, 60),
(52, '', '', '', '', 1, -1, 61),
(53, '', '', '', '', 1, -1, 62),
(54, '', '', '', '', 1, -1, 63),
(55, '', '', '', '', 1, -1, 64),
(56, '', '', '', '', 1, -1, 65),
(57, '', '', '', '', 1, -1, 66),
(58, '', '', '', '', 1, -1, 67),
(59, '', '', '', '', 1, -1, 68),
(60, '', '', '', '', 1, -1, 69),
(61, '', '', '', '', 1, -1, 70),
(62, '', '', '', '', 1, -1, 71),
(63, '', '', '', '', 1, -1, 72),
(64, '', '', '', '', 1, -1, 73),
(65, '', '', '', '', 1, -1, 74),
(66, '', '', '', '', 1, -1, 75),
(67, '', '', '', '', 1, -1, 76),
(68, '', '', '', '', 1, -1, 77),
(69, '', '', '', '', 1, -1, 78),
(70, '', '', '', '', 1, -1, 79),
(71, '', '', '', '', 1, -1, 80),
(72, '', '', '', '', 1, -1, 81),
(73, '', '', '', '', 1, -1, 82),
(74, '', '', '', '', 1, -1, 83),
(75, '', '', '', '', 1, -1, 84),
(76, '', '', '', '', 1, -1, 85),
(77, '', '', '', '', 1, -1, 86),
(78, '', '', '', '', 1, -1, 87),
(79, '', '', '', '', 1, -1, 88),
(80, '', '', '', '', 1, -1, 89),
(81, '', '', '', '', 1, -1, 90),
(82, '', '', '', '', 1, -1, 91),
(83, '', '', '', '', 1, -1, 92),
(84, '', '', '', '', 1, -1, 93),
(85, '', '', '', '', 1, -1, 94),
(86, '', '', '', '', 1, -1, 95),
(87, '', '', '', '', 1, -1, 96),
(88, '', '', '', '', 1, -1, 97),
(89, '', '', '', '', 1, -1, 98),
(90, '', '', '', '', 1, -1, 99),
(91, '', '', '', '', 1, -1, 100),
(92, '', '', '', '', 1, -1, 101),
(93, '', '', '', '', 1, -1, 102),
(94, '', '', '', '', 1, -1, 103),
(95, '', '', '', '', 1, -1, 104),
(96, '', '', '', '', 1, -1, 105),
(97, '', '', '', '', 1, -1, 106),
(98, '', '', '', '', 1, -1, 107),
(99, '', '', '', '', 1, -1, 108),
(100, '', '', '', '', 1, -1, 109),
(101, '', '', '', '', 1, -1, 110),
(102, '', '', '', '', 1, -1, 111),
(103, '', '', '', '', 1, -1, 112),
(104, '', '', '', '', 1, -1, 113),
(105, '', '', '', '', 1, -1, 114),
(106, '', '', '', '', 1, -1, 115),
(107, '', '', '', '', 1, -1, 116),
(108, '', '', '', '', 1, -1, 117),
(109, '', '', '', '', 1, -1, 118),
(110, '', '', '', '', 1, -1, 119),
(111, '', '', '', '', 1, -1, 120),
(112, '', '', '', '', 1, -1, 121),
(113, '', '', '', '', 1, -1, 122),
(114, '', '', '', '', 1, -1, 123),
(541, 'admin', 'admin', 'admin', 'admin', 4, 0, 48),
(16384314734198, 'RAKOARISOA Nirina', 'nrakotoarisoa', '0345423418', 'test', 3, 1, 48),
(16384367006584, 'test4', 'test@gmail.com', '0324568796', 'test', 2, 1, 48),
(16384463253985, 'RAKOTOARINIVO', 'r.zacharie@gmail.com', '0343400765', 'test', 2, 1, 48),
(16384480215421, 'RAFENOMANANTSOA  Fanambinana', 'rafenomanatsoaf@gmail.com', '0346195889', 'nofinofy', 3, 1, 40),
(16384489928840, 'RAFENOMANANTSOA Fanambinana', 'rafenomanatsoaf@gmail.com', '0346195889', 'nofinofy', 2, 1, 41),
(16384493120866, 'nadia', 'mahefa.ah@gmail.com', '0348470930', 'ATRIKA', 2, 1, 21),
(16384493672252, 'ratovo', 'rato@gmail.com', '0340208641', 'rpse', 2, 1, 48),
(16384493684628, 'lina', 'lina@gmail.com', '0343400765', 'test', 3, 1, 48),
(16384494879693, 'NADIA', 'mahefa@gmail.com', '0348470930', 'HARO', 2, 1, 11),
(16384494991934, 'r', 'tovo', '0340208641', 'rpse', 2, 1, 22),
(16384495306178, 'RASOLONJATOVO  RONDRO MARIE ISABELLE', 'rondroisabelle@yahoo.com', '0343780325', '2211', 2, 1, 50),
(16384495580154, 'NDARO Hervé', 'hajarisoahantavololona', '0344628887', 'banina', 2, 1, 60),
(16384495743276, 'rakotondrafara', 'rakotondrafara@gmail.com', '0344882189', 'fara', 2, 1, 50),
(16384495812002, 'VOLA SEHENO Marius A.H.', 'mariusvolaseheno@gmail.com', '0341419597', 'bs251587', 2, 1, 56),
(16384495819843, 'RAHELIARISOLO Sahondra', 'rasahondra04@gmail.com', '+261 34 27 080 07', 'sAHONDRA', 1, 1, 50),
(16384495887137, 'Rasoabe', 'soabe@gmail.com', '0340116012', '0134', 2, 1, 16),
(16384496652559, 'HAMJA', 'hamjaheritso@gmail.com', '0341414060', '12345', 2, 1, 109),
(16384496797433, 'ratovo', 'ratovo@gmail.com', '0340208641', 'rpse', 2, 1, 48),
(16384496811390, 'RAVAKINIAINA Razananoro', 'ravaka.ra@gmail.com', '0342741166', 'durable', 2, 1, 117),
(16384497286334, '', 'hajarisoahantavololona@gmail.com', '0341336976', 'banina', 2, 1, 60),
(16384497869041, 'rakotoarivelo', 'rlanto.rakotoarivelo4@gmail.com', '0343557323', 'spse2021', 2, 1, 116),
(16384497957470, 'Claude', 'cjmpi@gmail.com', '0340339345', 'rpseatsimoatsinanana', 2, 1, 44),
(16384498213384, 'RANDRIAMALALA soafara', 'sfcrandriamalala@gmail.com', '0346475565', 'é-_é-_', 2, 1, 25),
(16384501639158, 'Sahondra raheliarisolo', 'rasahondra04@gmail.com', '+261342708007', 'test', 4, 1, 50),
(16384503812310, 'MARONIRINA Anigael Gastros', 'anigaelgastros88@gmail.com', 'O341136856', 'ecologie', 2, 1, 60),
(16384504831586, 'sahondra RAHELIARISOLO', 'rasahondra04@gmail.com', '+261342708007', 'test', 2, 1, 50),
(16384506201693, 'sahondra', 'sahondra@gmail.com', '0343400765', 'test', 2, 1, 50),
(16384527876811, 'Fidy', 'fidydz@gmail.com', '0345824766', '123456', 2, 1, 44),
(16385145956970, 'Lanto', 'rlanto.rakotoarivelo4@gmail.com', '0343557323', 'spse2021', 2, 0, 116),
(16385150149798, 'NDARO Hervé', 'hajarisoahantavololona@gmail.com', '0344628887', 'banina', 2, 0, 63),
(16385152160467, 'tsiveriasy claude rostand', 'roostan@yahoo.fr', '0343169103', 'tsiveriasy', 2, 1, 103),
(16385156290675, 'VELONTRASINA Clara', 'cvelontrasina@conservation.org', '0341079926', '1234', 2, 1, 51),
(16385226013172, 'manovaritiana rosiane', 'manouvaritianah@gmail.com', '0344322798', '1988', 2, 1, 109),
(16385301398565, 'NDARO Hervé', 'hajarisoahantavololona@gmail.com', '0344628887', 'banina', 2, 0, 60),
(16385376031703, 'Ramimi', 'mimi@gmail.com', '0340512632', 'mimi', 3, 0, 10),
(16389614547435, 'VIRAINA Fidisoa Fabiola', 'fabisag@gmail.com', '0343806668', '1234', 2, 1, 90),
(16389615583571, 'RASAMIZANAKA Finaritra Miantsa ', 'atjunior.pcse@gmail.com', '0349644728', 'pcse2021', 2, 1, 16),
(16389616232284, 'ZANAMIHANTA Angélia', 'hantangelia@gmail.com', '0348444114', '1234', 2, 1, 85),
(16389616284417, 'NESTOR Ornella Eulodie', 'ornellaeulodienestor@gmail.com', '0325222525', '1234', 2, 1, 102),
(16389617034586, 'BE Judica Olive', 'bejudica@gmail.com', '0349944269', '1234', 2, 1, 90),
(16389639499359, 'ANDRIAMANDIMBY LUDOVIC HARISON', 'harisonuniv@gmail.com', '0342185809', '1234', 2, 1, 16),
(16389653979416, 'RAJOELINOMENJANAHARY Aina Maneva', 'ainamaneva@gmail.com', '0340581008', '1234', 2, 1, 85),
(16394704695618, 'FINARITRA Adrienne Alison', 'finaritraadriennealison@gmail.com', '0344608525', '1234', 2, 0, 90);

--
-- Index pour les tables déchargées
--

--
-- Index pour la table `category`
--
ALTER TABLE `category`
  ADD PRIMARY KEY (`id`),
  ADD UNIQUE KEY `id` (`id`);

--
-- Index pour la table `district`
--
ALTER TABLE `district`
  ADD PRIMARY KEY (`id`),
  ADD UNIQUE KEY `id` (`id`),
  ADD KEY `region_id` (`region_id`);

--
-- Index pour la table `indicateur`
--
ALTER TABLE `indicateur`
  ADD PRIMARY KEY (`id`),
  ADD UNIQUE KEY `id` (`id`),
  ADD KEY `thematique_id` (`thematique_id`),
  ADD KEY `id_question` (`id_question`);

--
-- Index pour la table `province`
--
ALTER TABLE `province`
  ADD PRIMARY KEY (`id`),
  ADD UNIQUE KEY `id` (`id`);

--
-- Index pour la table `question`
--
ALTER TABLE `question`
  ADD PRIMARY KEY (`id`),
  ADD UNIQUE KEY `id` (`id`),
  ADD KEY `indicateur_id` (`indicateur_id`);

--
-- Index pour la table `region`
--
ALTER TABLE `region`
  ADD PRIMARY KEY (`id`),
  ADD UNIQUE KEY `id` (`id`),
  ADD KEY `province_id` (`province_id`);

--
-- Index pour la table `reponse`
--
ALTER TABLE `reponse`
  ADD PRIMARY KEY (`id`),
  ADD UNIQUE KEY `id` (`id`),
  ADD KEY `question_id` (`question_id`),
  ADD KEY `user_id` (`user_id`);

--
-- Index pour la table `reponse_non_valide`
--
ALTER TABLE `reponse_non_valide`
  ADD PRIMARY KEY (`id`),
  ADD UNIQUE KEY `id` (`id`),
  ADD KEY `user_id` (`user_id`),
  ADD KEY `question_id` (`question_id`);

--
-- Index pour la table `thematique`
--
ALTER TABLE `thematique`
  ADD PRIMARY KEY (`id`),
  ADD UNIQUE KEY `id` (`id`);

--
-- Index pour la table `user`
--
ALTER TABLE `user`
  ADD PRIMARY KEY (`id`),
  ADD UNIQUE KEY `id` (`id`),
  ADD KEY `district_id` (`district_id`),
  ADD KEY `category_id` (`category_id`);

--
-- Contraintes pour les tables déchargées
--

--
-- Contraintes pour la table `district`
--
ALTER TABLE `district`
  ADD CONSTRAINT `district_ibfk_1` FOREIGN KEY (`region_id`) REFERENCES `region` (`id`);

--
-- Contraintes pour la table `indicateur`
--
ALTER TABLE `indicateur`
  ADD CONSTRAINT `indicateur_ibfk_1` FOREIGN KEY (`thematique_id`) REFERENCES `thematique` (`id`),
  ADD CONSTRAINT `indicateur_ibfk_2` FOREIGN KEY (`id_question`) REFERENCES `question` (`id`);

--
-- Contraintes pour la table `question`
--
ALTER TABLE `question`
  ADD CONSTRAINT `question_ibfk_1` FOREIGN KEY (`indicateur_id`) REFERENCES `indicateur` (`id`);

--
-- Contraintes pour la table `region`
--
ALTER TABLE `region`
  ADD CONSTRAINT `region_ibfk_1` FOREIGN KEY (`province_id`) REFERENCES `province` (`id`);

--
-- Contraintes pour la table `reponse`
--
ALTER TABLE `reponse`
  ADD CONSTRAINT `reponse_ibfk_1` FOREIGN KEY (`question_id`) REFERENCES `question` (`id`),
  ADD CONSTRAINT `reponse_ibfk_2` FOREIGN KEY (`user_id`) REFERENCES `user` (`id`);

--
-- Contraintes pour la table `reponse_non_valide`
--
ALTER TABLE `reponse_non_valide`
  ADD CONSTRAINT `reponse_non_valide_ibfk_1` FOREIGN KEY (`user_id`) REFERENCES `user` (`id`),
  ADD CONSTRAINT `reponse_non_valide_ibfk_2` FOREIGN KEY (`question_id`) REFERENCES `question` (`id`);

--
-- Contraintes pour la table `user`
--
ALTER TABLE `user`
  ADD CONSTRAINT `user_ibfk_1` FOREIGN KEY (`district_id`) REFERENCES `district` (`id`),
  ADD CONSTRAINT `user_ibfk_2` FOREIGN KEY (`category_id`) REFERENCES `category` (`id`);
COMMIT;

/*!40101 SET CHARACTER_SET_CLIENT=@OLD_CHARACTER_SET_CLIENT */;
/*!40101 SET CHARACTER_SET_RESULTS=@OLD_CHARACTER_SET_RESULTS */;
/*!40101 SET COLLATION_CONNECTION=@OLD_COLLATION_CONNECTION */;
